Date,Detected Emotion,Confidence,Emotion Percentages
2024-11-05 11:58:18,Fear,0.649915337562561,
2024-11-05 11:58:19,Fear,0.5659071803092957,
2024-11-05 11:58:19,Neutral,0.0,
2024-11-05 11:58:19,Neutral,0.0,
2024-11-05 11:58:20,Neutral,0.0,
2024-11-05 11:58:20,Neutral,0.0,
2024-11-05 11:58:20,Neutral,0.0,
2024-11-05 11:58:21,Neutral,0.0,
2024-11-05 11:58:21,Neutral,0.0,
2024-11-05 11:58:21,Neutral,0.0,
2024-11-05 11:58:21,Neutral,0.0,
2024-11-05 11:58:21,Neutral,0.0,
2024-11-05 11:58:22,Neutral,0.0,
2024-11-05 11:58:22,Neutral,0.0,
2024-11-05 11:58:22,Neutral,0.0,
2024-11-05 11:58:22,Neutral,0.0,
2024-11-05 11:58:22,Neutral,0.0,
2024-11-05 11:58:23,Neutral,0.0,
2024-11-05 11:58:23,Neutral,0.0,
2024-11-05 11:58:23,Neutral,0.0,
2024-11-05 11:58:23,Neutral,0.0,
2024-11-05 11:58:23,Neutral,0.0,
2024-11-05 11:58:24,Neutral,0.0,
2024-11-05 11:58:24,Neutral,0.0,
2024-11-05 11:58:24,Neutral,0.0,
2024-11-05 11:58:24,Neutral,0.0,
2024-11-05 11:58:24,Neutral,0.0,
2024-11-05 11:58:24,Neutral,0.0,
2024-11-05 11:58:25,Neutral,0.0,
2024-11-05 11:58:25,Neutral,0.0,
2024-11-05 11:58:25,Neutral,0.0,
2024-11-05 11:58:25,Neutral,0.0,
2024-11-05 11:58:25,Neutral,0.0,
2024-11-05 11:58:26,Neutral,0.0,
2024-11-05 11:58:26,Neutral,0.0,
2024-11-05 11:58:26,Neutral,0.0,
2024-11-05 11:58:26,Neutral,0.0,
2024-11-05 11:58:27,Neutral,0.0,
2024-11-05 11:58:27,Neutral,0.0,
2024-11-05 11:58:27,Neutral,0.0,
2024-11-05 11:58:28,Neutral,0.0,
2024-11-05 11:58:28,Neutral,0.0,
2024-11-05 11:58:29,Neutral,0.0,
2024-11-05 11:58:29,Neutral,0.0,
2024-11-05 11:58:29,Neutral,0.0,
2024-11-05 11:58:30,Neutral,0.0,
2024-11-05 11:58:30,Neutral,0.0,
2024-11-05 11:58:30,Neutral,0.0,
2024-11-05 11:58:30,Neutral,0.0,
2024-11-05 11:58:31,Neutral,0.0,
2024-11-05 11:58:31,Neutral,0.0,
2024-11-05 11:58:31,Neutral,0.0,
2024-11-05 11:58:32,Neutral,0.0,
2024-11-05 11:58:32,Neutral,0.0,
2024-11-05 11:58:32,Neutral,0.0,
2024-11-05 11:58:32,Neutral,0.0,
2024-11-05 11:58:33,Neutral,0.0,
2024-11-05 11:58:33,Neutral,0.0,
2024-11-05 11:58:33,Neutral,0.0,
2024-11-05 11:58:33,Neutral,0.0,
2024-11-05 11:58:33,Neutral,0.0,
2024-11-05 11:58:34,Neutral,0.0,
2024-11-05 11:58:34,Neutral,0.0,
2024-11-05 11:58:34,Neutral,0.0,
2024-11-05 11:58:34,Neutral,0.0,
2024-11-05 11:58:34,Neutral,0.0,
2024-11-05 11:58:34,Neutral,0.0,
2024-11-05 11:58:35,Neutral,0.0,
2024-11-05 11:58:35,Neutral,0.0,
2024-11-05 11:58:35,Neutral,0.0,
2024-11-05 11:58:35,Neutral,0.0,
2024-11-05 11:58:35,Neutral,0.0,
2024-11-05 11:58:36,Sad,0.4053531289100647,
2024-11-05 11:58:36,Happy,0.5996023416519165,
2024-11-05 11:58:36,Neutral,0.0,
2024-11-05 11:58:37,Sad,0.446080595254898,
2024-11-05 11:58:37,Neutral,0.0,
2024-11-05 11:58:37,Neutral,0.0,
2024-11-05 11:58:37,Neutral,0.0,
2024-11-05 11:58:38,Neutral,0.0,
2024-11-05 11:58:38,Neutral,0.0,
2024-11-05 11:58:38,Neutral,0.0,
2024-11-05 11:58:38,Neutral,0.0,
2024-11-05 11:58:38,Neutral,0.0,
2024-11-05 11:58:38,Neutral,0.0,
2024-11-05 11:58:39,Neutral,0.0,
2024-11-05 11:58:39,Neutral,0.0,
2024-11-05 11:58:39,Neutral,0.0,
2024-11-05 11:58:39,Neutral,0.0,
2024-11-05 11:58:39,Neutral,0.0,
2024-11-05 11:58:40,Neutral,0.0,
2024-11-05 11:58:40,Neutral,0.0,
2024-11-05 11:58:40,Neutral,0.0,
2024-11-05 11:58:40,Neutral,0.0,
2024-11-05 11:58:40,Neutral,0.0,
2024-11-05 11:58:40,Neutral,0.0,
2024-11-05 11:58:41,Neutral,0.0,
2024-11-05 11:58:41,Neutral,0.0,
2024-11-05 11:58:41,Neutral,0.0,
2024-11-05 11:58:41,Neutral,0.0,
2024-11-05 11:58:41,Neutral,0.0,
2024-11-05 11:58:41,Neutral,0.0,
2024-11-05 11:58:42,Neutral,0.0,
2024-11-05 11:58:42,Neutral,0.0,
2024-11-05 11:58:42,Neutral,0.0,
2024-11-05 11:58:42,Neutral,0.0,
2024-11-05 11:58:42,Neutral,0.0,
2024-11-05 11:58:43,Neutral,0.0,
2024-11-05 11:58:43,Neutral,0.0,
2024-11-05 11:58:43,Neutral,0.0,
2024-11-05 11:58:43,Neutral,0.0,
2024-11-05 11:58:44,Neutral,0.0,
2024-11-05 11:58:44,Neutral,0.0,
2024-11-05 11:58:44,Neutral,0.0,
2024-11-05 11:58:45,Neutral,0.0,
2024-11-05 11:58:45,Neutral,0.0,
2024-11-05 11:58:45,Neutral,0.0,
2024-11-05 11:58:45,Neutral,0.0,
2024-11-05 11:58:45,Neutral,0.0,
2024-11-05 11:58:46,Neutral,0.0,
2024-11-05 11:58:46,Neutral,0.0,
2024-11-05 11:58:46,Neutral,0.0,
2024-11-05 11:58:46,Neutral,0.0,
2024-11-05 11:58:47,Neutral,0.0,
2024-11-05 11:58:47,Neutral,0.0,
2024-11-05 11:58:48,Sad,0.5467689037322998,
2024-11-05 11:58:48,Neutral,0.0,
2024-11-05 11:58:49,Fear,0.6368160843849182,
2024-11-05 11:58:49,Fear,0.4828026294708252,
2024-11-05 11:58:50,Neutral,0.0,
2024-11-05 11:58:50,Fear,0.5710152387619019,
2024-11-05 11:58:51,Neutral,0.0,
2024-11-05 11:58:51,Neutral,0.0,
2024-11-05 11:58:51,Neutral,0.0,
2024-11-05 11:58:51,Neutral,0.0,
2024-11-05 11:58:52,Neutral,0.0,
2024-11-05 11:58:52,Neutral,0.0,
2024-11-05 11:58:52,Neutral,0.0,
2024-11-05 11:58:52,Neutral,0.0,
2024-11-05 11:58:53,Neutral,0.0,
2024-11-05 11:58:53,Neutral,0.0,
2024-11-05 11:58:53,Neutral,0.0,
2024-11-05 11:58:53,Neutral,0.0,
2024-11-05 11:58:54,Neutral,0.0,
2024-11-05 11:58:54,Neutral,0.0,
2024-11-05 11:58:54,Neutral,0.0,
2024-11-05 11:58:54,Neutral,0.0,
2024-11-05 11:58:55,Neutral,0.0,
2024-11-05 11:58:55,Neutral,0.0,
2024-11-05 11:58:55,Neutral,0.0,
2024-11-05 11:58:55,Neutral,0.0,
2024-11-05 11:58:56,Neutral,0.0,
2024-11-05 11:58:56,Neutral,0.0,
2024-11-05 11:58:56,Neutral,0.0,
2024-11-05 11:58:56,Neutral,0.0,
2024-11-05 11:58:57,Neutral,0.0,
2024-11-05 11:58:57,Neutral,0.0,
2024-11-05 11:58:57,Neutral,0.0,
2024-11-05 11:58:57,Neutral,0.0,
2024-11-05 11:58:58,Neutral,0.0,
2024-11-05 11:58:58,Neutral,0.0,
2024-11-05 11:58:58,Neutral,0.0,
2024-11-05 11:58:59,Neutral,0.0,
2024-11-05 11:58:59,Neutral,0.0,
2024-11-05 11:58:59,Neutral,0.0,
2024-11-05 11:58:59,Neutral,0.0,
2024-11-05 11:58:59,Neutral,0.0,
2024-11-05 11:59:00,Neutral,0.0,
2024-11-05 11:59:00,Neutral,0.0,
2024-11-05 11:59:00,Neutral,0.0,
2024-11-05 11:59:00,Neutral,0.0,
2024-11-05 11:59:01,Neutral,0.0,
2024-11-05 11:59:01,Neutral,0.0,
2024-11-05 11:59:01,Neutral,0.0,
2024-11-05 11:59:01,Neutral,0.0,
2024-11-05 11:59:02,Neutral,0.0,
2024-11-05 11:59:02,Neutral,0.0,
2024-11-05 11:59:02,Neutral,0.0,
2024-11-05 11:59:02,Neutral,0.0,
2024-11-05 11:59:03,Neutral,0.0,
2024-11-05 11:59:03,Neutral,0.0,
2024-11-05 11:59:03,Neutral,0.0,
2024-11-05 11:59:04,Neutral,0.0,
2024-11-05 11:59:04,Neutral,0.0,
2024-11-05 11:59:04,Neutral,0.0,
2024-11-05 11:59:05,Neutral,0.0,
2024-11-05 11:59:05,Neutral,0.0,
2024-11-05 11:59:05,Neutral,0.0,
2024-11-05 11:59:05,Neutral,0.0,
2024-11-05 11:59:06,Neutral,0.0,
2024-11-05 11:59:06,Neutral,0.0,
2024-11-05 11:59:06,Neutral,0.0,
2024-11-05 11:59:06,Neutral,0.0,
2024-11-05 11:59:07,Neutral,0.0,
2024-11-05 11:59:07,Neutral,0.0,
2024-11-05 11:59:07,Neutral,0.0,
2024-11-05 11:59:07,Neutral,0.0,
2024-11-05 11:59:08,Neutral,0.0,
2024-11-05 11:59:08,Neutral,0.0,
2024-11-05 11:59:08,Neutral,0.0,
2024-11-05 11:59:08,Neutral,0.0,
2024-11-05 11:59:08,Neutral,0.0,
2024-11-05 11:59:09,Neutral,0.0,
2024-11-05 11:59:09,Neutral,0.0,
2024-11-05 11:59:09,Neutral,0.0,
2024-11-05 11:59:09,Neutral,0.0,
2024-11-05 11:59:10,Neutral,0.0,
2024-11-05 11:59:10,Neutral,0.0,
2024-11-05 11:59:10,Neutral,0.0,
2024-11-05 11:59:10,Neutral,0.0,
2024-11-05 11:59:11,Neutral,0.0,
2024-11-05 11:59:11,Neutral,0.0,
2024-11-05 11:59:12,Neutral,0.0,
2024-11-05 11:59:12,Neutral,0.0,
2024-11-05 11:59:12,Neutral,0.0,
2024-11-05 11:59:12,Neutral,0.0,
2024-11-05 11:59:13,Neutral,0.0,
2024-11-05 11:59:13,Neutral,0.0,
2024-11-05 11:59:13,Neutral,0.0,
2024-11-05 11:59:13,Neutral,0.0,
2024-11-05 11:59:14,Neutral,0.0,
2024-11-05 11:59:14,Neutral,0.0,
2024-11-05 11:59:14,Neutral,0.0,
2024-11-05 11:59:14,Neutral,0.0,
2024-11-05 11:59:15,Neutral,0.0,
2024-11-05 11:59:15,Neutral,0.0,
2024-11-05 11:59:15,Neutral,0.0,
2024-11-05 11:59:16,Neutral,0.0,
2024-11-05 11:59:16,Neutral,0.0,
2024-11-05 11:59:16,Neutral,0.0,
2024-11-05 11:59:16,Neutral,0.0,
2024-11-05 11:59:17,Neutral,0.0,
2024-11-05 11:59:17,Neutral,0.0,
2024-11-05 11:59:17,Neutral,0.0,
2024-11-05 11:59:17,Neutral,0.0,
2024-11-05 11:59:18,Neutral,0.0,
2024-11-05 11:59:18,Neutral,0.0,
2024-11-05 11:59:18,Neutral,0.0,
2024-11-05 11:59:18,Neutral,0.0,
2024-11-05 11:59:18,Neutral,0.0,
2024-11-05 11:59:19,Neutral,0.0,
2024-11-05 11:59:19,Neutral,0.0,
2024-11-05 11:59:19,Neutral,0.0,
2024-11-05 11:59:19,Neutral,0.0,
2024-11-05 11:59:19,Neutral,0.0,
2024-11-05 11:59:19,Neutral,0.0,
2024-11-05 11:59:20,Neutral,0.0,
2024-11-05 11:59:20,Neutral,0.0,
2024-11-05 11:59:20,Neutral,0.0,
2024-11-05 11:59:20,Neutral,0.0,
2024-11-05 11:59:20,Neutral,0.0,
2024-11-05 11:59:20,Neutral,0.0,
2024-11-05 11:59:21,Neutral,0.0,
2024-11-05 11:59:21,Neutral,0.0,
2024-11-05 11:59:21,Neutral,0.0,
2024-11-05 11:59:21,Neutral,0.0,
2024-11-05 11:59:21,Neutral,0.0,
2024-11-05 11:59:21,Neutral,0.0,
2024-11-05 11:59:22,Neutral,0.0,
2024-11-05 11:59:22,Neutral,0.0,
2024-11-05 11:59:22,Neutral,0.0,
2024-11-05 11:59:22,Neutral,0.0,
2024-11-05 11:59:22,Neutral,0.0,
2024-11-05 11:59:22,Neutral,0.0,
2024-11-05 11:59:23,Neutral,0.0,
2024-11-05 11:59:23,Neutral,0.0,
2024-11-05 11:59:23,Neutral,0.0,
2024-11-05 11:59:23,Neutral,0.0,
2024-11-05 11:59:23,Neutral,0.0,
2024-11-05 11:59:23,Neutral,0.0,
2024-11-05 11:59:24,Neutral,0.0,
2024-11-05 11:59:24,Neutral,0.0,
2024-11-05 11:59:24,Neutral,0.0,
2024-11-05 11:59:24,Neutral,0.0,
2024-11-05 11:59:24,Neutral,0.0,
2024-11-05 11:59:24,Neutral,0.0,
2024-11-05 11:59:25,Neutral,0.0,
2024-11-05 11:59:25,Neutral,0.0,
2024-11-05 11:59:25,Neutral,0.0,
2024-11-05 11:59:25,Neutral,0.0,
2024-11-05 11:59:25,Neutral,0.0,
2024-11-05 11:59:25,Neutral,0.0,
2024-11-05 11:59:25,Neutral,0.0,
2024-11-05 11:59:26,Neutral,0.0,
2024-11-05 11:59:26,Neutral,0.0,
2024-11-05 11:59:26,Neutral,0.0,
2024-11-05 11:59:26,Neutral,0.0,
2024-11-05 11:59:26,Neutral,0.0,
2024-11-05 11:59:26,Neutral,0.0,
2024-11-05 11:59:27,Neutral,0.0,
2024-11-05 11:59:27,Neutral,0.0,
2024-11-05 11:59:27,Neutral,0.0,
2024-11-05 11:59:27,Neutral,0.0,
2024-11-05 11:59:27,Neutral,0.0,
2024-11-05 11:59:27,Neutral,0.0,
2024-11-05 11:59:28,Neutral,0.0,
2024-11-05 11:59:28,Neutral,0.0,
2024-11-05 11:59:28,Neutral,0.0,
2024-11-05 11:59:28,Neutral,0.0,
2024-11-05 11:59:29,Neutral,0.0,
2024-11-05 11:59:29,Neutral,0.0,
2024-11-05 11:59:29,Neutral,0.0,
2024-11-05 11:59:29,Neutral,0.0,
2024-11-05 11:59:29,Neutral,0.0,
2024-11-05 11:59:30,Neutral,0.0,
2024-11-05 11:59:30,Neutral,0.0,
2024-11-05 11:59:30,Neutral,0.0,
2024-11-05 11:59:30,Neutral,0.0,
2024-11-05 11:59:30,Neutral,0.0,
2024-11-05 11:59:30,Neutral,0.0,
2024-11-05 11:59:31,Neutral,0.0,
2024-11-05 11:59:31,Neutral,0.0,
2024-11-05 11:59:31,Neutral,0.0,
2024-11-05 11:59:31,Neutral,0.0,
2024-11-05 11:59:31,Neutral,0.0,
2024-11-05 11:59:31,Neutral,0.0,
2024-11-05 11:59:31,Neutral,0.0,
2024-11-05 11:59:32,Neutral,0.0,
2024-11-05 11:59:32,Neutral,0.0,
2024-11-05 11:59:32,Neutral,0.0,
2024-11-05 11:59:32,Neutral,0.0,
2024-11-05 11:59:32,Neutral,0.0,
2024-11-05 11:59:32,Neutral,0.0,
2024-11-05 11:59:33,Neutral,0.0,
2024-11-05 11:59:33,Neutral,0.0,
2024-11-05 11:59:33,Neutral,0.0,
2024-11-05 11:59:33,Neutral,0.0,
2024-11-05 11:59:33,Neutral,0.0,
2024-11-05 11:59:33,Neutral,0.0,
2024-11-05 11:59:34,Neutral,0.0,
2024-11-05 11:59:34,Neutral,0.0,
2024-11-05 11:59:34,Neutral,0.0,
2024-11-05 11:59:34,Neutral,0.0,
2024-11-05 11:59:34,Neutral,0.0,
2024-11-05 11:59:35,Neutral,0.0,
2024-11-05 11:59:35,Neutral,0.0,
2024-11-05 11:59:35,Neutral,0.0,
2024-11-05 11:59:35,Neutral,0.0,
2024-11-05 11:59:35,Neutral,0.0,
2024-11-05 11:59:35,Neutral,0.0,
2024-11-05 11:59:35,Neutral,0.0,
2024-11-05 11:59:35,Neutral,0.0,
2024-11-05 11:59:36,Neutral,0.0,
2024-11-05 11:59:36,Neutral,0.0,
2024-11-05 11:59:36,Neutral,0.0,
2024-11-05 11:59:36,Neutral,0.0,
2024-11-05 11:59:36,Neutral,0.0,
2024-11-05 11:59:36,Neutral,0.0,
2024-11-05 11:59:37,Neutral,0.0,
2024-11-05 11:59:37,Neutral,0.0,
2024-11-05 11:59:37,Neutral,0.0,
2024-11-05 11:59:37,Neutral,0.0,
2024-11-05 11:59:37,Neutral,0.0,
2024-11-05 11:59:37,Neutral,0.0,
2024-11-05 11:59:38,Neutral,0.0,
2024-11-05 11:59:38,Neutral,0.0,
2024-11-05 11:59:38,Neutral,0.0,
2024-11-05 11:59:38,Neutral,0.0,
2024-11-05 11:59:38,Neutral,0.0,
2024-11-05 11:59:38,Neutral,0.0,
2024-11-05 11:59:39,Neutral,0.0,
2024-11-05 11:59:39,Neutral,0.0,
2024-11-05 11:59:39,Neutral,0.0,
2024-11-05 11:59:39,Neutral,0.0,
2024-11-05 11:59:40,Sad,0.4825607240200043,
2024-11-05 11:59:40,Neutral,0.0,
2024-11-05 11:59:40,Neutral,0.0,
2024-11-05 11:59:40,Neutral,0.0,
2024-11-05 11:59:41,Neutral,0.0,
2024-11-05 11:59:41,Neutral,0.0,
2024-11-05 11:59:41,Neutral,0.0,
2024-11-05 11:59:41,Neutral,0.0,
2024-11-05 11:59:41,Neutral,0.0,
2024-11-05 11:59:42,Neutral,0.0,
2024-11-05 11:59:42,Neutral,0.0,
2024-11-05 11:59:42,Neutral,0.0,
2024-11-05 11:59:42,Neutral,0.0,
2024-11-05 11:59:42,Neutral,0.0,
2024-11-05 11:59:43,Neutral,0.0,
2024-11-05 11:59:43,Neutral,0.0,
2024-11-05 11:59:43,Neutral,0.0,
2024-11-05 11:59:43,Neutral,0.0,
2024-11-05 11:59:43,Neutral,0.0,
2024-11-05 11:59:43,Neutral,0.0,
2024-11-05 11:59:44,Neutral,0.0,
2024-11-05 11:59:44,Neutral,0.0,
2024-11-05 11:59:44,Neutral,0.0,
2024-11-05 11:59:44,Neutral,0.0,
2024-11-05 11:59:44,Neutral,0.0,
2024-11-05 11:59:44,Neutral,0.0,
2024-11-05 11:59:45,Neutral,0.0,
2024-11-05 11:59:45,Neutral,0.0,
2024-11-05 11:59:45,Neutral,0.0,
2024-11-05 11:59:45,Neutral,0.0,
2024-11-05 11:59:45,Neutral,0.0,
2024-11-05 11:59:46,Neutral,0.0,
2024-11-05 11:59:46,Neutral,0.0,
2024-11-05 11:59:46,Neutral,0.0,
2024-11-05 11:59:46,Neutral,0.0,
2024-11-05 11:59:46,Neutral,0.0,
2024-11-05 11:59:46,Neutral,0.0,
2024-11-05 11:59:47,Neutral,0.0,
2024-11-05 11:59:47,Neutral,0.0,
2024-11-05 11:59:47,Neutral,0.0,
2024-11-05 11:59:47,Neutral,0.0,
2024-11-05 11:59:47,Neutral,0.0,
2024-11-05 11:59:47,Neutral,0.0,
2024-11-05 11:59:48,Neutral,0.0,
2024-11-05 11:59:48,Neutral,0.0,
2024-11-05 11:59:48,Neutral,0.0,
2024-11-05 11:59:48,Neutral,0.0,
2024-11-05 11:59:48,Neutral,0.0,
2024-11-05 11:59:48,Neutral,0.0,
2024-11-05 11:59:48,Neutral,0.0,
2024-11-05 11:59:49,Neutral,0.0,
2024-11-05 11:59:49,Neutral,0.0,
2024-11-05 11:59:49,Neutral,0.0,
2024-11-05 11:59:49,Neutral,0.0,
2024-11-05 11:59:49,Neutral,0.0,
2024-11-05 11:59:49,Neutral,0.0,
2024-11-05 11:59:50,Neutral,0.0,
2024-11-05 11:59:50,Neutral,0.0,
2024-11-05 11:59:50,Neutral,0.0,
2024-11-05 11:59:50,Neutral,0.0,
2024-11-05 11:59:50,Neutral,0.0,
2024-11-05 11:59:50,Neutral,0.0,
2024-11-05 11:59:51,Neutral,0.0,
2024-11-05 11:59:51,Neutral,0.0,
2024-11-05 11:59:51,Neutral,0.0,
2024-11-05 11:59:51,Neutral,0.0,
2024-11-05 11:59:51,Neutral,0.0,
2024-11-05 11:59:51,Neutral,0.0,
2024-11-05 11:59:52,Neutral,0.0,
2024-11-05 11:59:52,Neutral,0.0,
2024-11-05 11:59:52,Neutral,0.0,
2024-11-05 11:59:52,Neutral,0.0,
2024-11-05 11:59:52,Neutral,0.0,
2024-11-05 11:59:52,Neutral,0.0,
2024-11-05 11:59:53,Neutral,0.0,
2024-11-05 11:59:53,Neutral,0.0,
2024-11-05 11:59:53,Neutral,0.0,
2024-11-05 11:59:53,Neutral,0.0,
2024-11-05 11:59:53,Neutral,0.0,
2024-11-05 11:59:53,Neutral,0.0,
2024-11-05 11:59:54,Neutral,0.0,
2024-11-05 11:59:54,Neutral,0.0,
2024-11-05 11:59:54,Neutral,0.0,
2024-11-05 11:59:54,Neutral,0.0,
2024-11-05 11:59:54,Neutral,0.0,
2024-11-05 11:59:55,Neutral,0.0,
2024-11-05 11:59:55,Neutral,0.0,
2024-11-05 11:59:55,Neutral,0.0,
2024-11-05 11:59:55,Neutral,0.0,
2024-11-05 11:59:55,Neutral,0.0,
2024-11-05 11:59:55,Neutral,0.0,
2024-11-05 11:59:55,Neutral,0.0,
2024-11-05 11:59:56,Neutral,0.0,
2024-11-05 11:59:56,Neutral,0.0,
2024-11-05 11:59:56,Neutral,0.0,
2024-11-05 11:59:56,Neutral,0.0,
2024-11-05 11:59:56,Neutral,0.0,
2024-11-05 11:59:56,Neutral,0.0,
2024-11-05 11:59:57,Neutral,0.0,
2024-11-05 11:59:57,Neutral,0.0,
2024-11-05 11:59:57,Neutral,0.0,
2024-11-05 11:59:57,Neutral,0.0,
2024-11-05 11:59:57,Neutral,0.0,
2024-11-05 11:59:57,Neutral,0.0,
2024-11-05 11:59:58,Neutral,0.0,
2024-11-05 11:59:58,Neutral,0.0,
2024-11-05 11:59:58,Neutral,0.0,
2024-11-05 11:59:58,Neutral,0.0,
2024-11-05 11:59:58,Neutral,0.0,
2024-11-05 11:59:58,Neutral,0.0,
2024-11-05 11:59:59,Neutral,0.0,
2024-11-05 11:59:59,Neutral,0.0,
2024-11-05 11:59:59,Neutral,0.0,
2024-11-05 11:59:59,Neutral,0.0,
2024-11-05 11:59:59,Neutral,0.0,
2024-11-05 11:59:59,Neutral,0.0,
2024-11-05 12:00:00,Neutral,0.0,
2024-11-05 12:00:00,Neutral,0.0,
2024-11-05 12:00:00,Neutral,0.0,
2024-11-05 12:00:00,Neutral,0.0,
2024-11-05 12:00:00,Neutral,0.0,
2024-11-05 12:00:00,Neutral,0.0,
2024-11-05 12:00:01,Neutral,0.0,
2024-11-05 12:00:01,Neutral,0.0,
2024-11-05 12:00:01,Neutral,0.0,
2024-11-05 12:00:01,Neutral,0.0,
2024-11-05 12:00:01,Neutral,0.0,
2024-11-05 12:00:02,Neutral,0.0,
2024-11-05 12:00:02,Neutral,0.0,
2024-11-05 12:00:02,Neutral,0.0,
2024-11-05 12:00:02,Neutral,0.0,
2024-11-05 12:00:02,Neutral,0.0,
2024-11-05 12:00:02,Neutral,0.0,
2024-11-05 12:00:03,Neutral,0.0,
2024-11-05 12:00:03,Neutral,0.0,
2024-11-05 12:00:03,Neutral,0.0,
2024-11-05 12:00:03,Neutral,0.0,
2024-11-05 12:00:03,Neutral,0.0,
2024-11-05 12:00:04,Neutral,0.0,
2024-11-05 12:00:04,Neutral,0.0,
2024-11-05 12:00:04,Neutral,0.0,
2024-11-05 12:00:04,Neutral,0.0,
2024-11-05 12:00:05,Neutral,0.0,
2024-11-05 12:00:05,Neutral,0.0,
2024-11-05 12:00:05,Neutral,0.0,
2024-11-05 12:00:05,Neutral,0.0,
2024-11-05 12:00:05,Neutral,0.0,
2024-11-05 12:00:05,Neutral,0.0,
2024-11-05 12:00:06,Neutral,0.0,
2024-11-05 12:00:06,Neutral,0.0,
2024-11-05 12:00:06,Neutral,0.0,
2024-11-05 12:00:06,Neutral,0.0,
2024-11-05 12:00:06,Neutral,0.0,
2024-11-05 12:00:07,Neutral,0.0,
2024-11-05 12:00:07,Neutral,0.0,
2024-11-05 12:00:07,Neutral,0.0,
2024-11-05 12:00:07,Neutral,0.0,
2024-11-05 12:00:07,Neutral,0.0,
2024-11-05 12:00:08,Neutral,0.0,
2024-11-05 12:00:08,Neutral,0.0,
2024-11-05 12:00:08,Neutral,0.0,
2024-11-05 12:00:08,Neutral,0.0,
2024-11-05 12:00:08,Neutral,0.0,
2024-11-05 12:00:09,Neutral,0.0,
2024-11-05 12:00:09,Neutral,0.0,
2024-11-05 12:00:09,Neutral,0.0,
2024-11-05 12:00:09,Neutral,0.0,
2024-11-05 12:00:09,Neutral,0.0,
2024-11-05 12:00:09,Neutral,0.0,
2024-11-05 12:00:10,Neutral,0.0,
2024-11-05 12:00:10,Neutral,0.0,
2024-11-05 12:00:10,Neutral,0.0,
2024-11-05 12:00:10,Neutral,0.0,
2024-11-05 12:00:10,Neutral,0.0,
2024-11-05 12:00:11,Neutral,0.0,
2024-11-05 12:00:11,Neutral,0.0,
2024-11-05 12:00:11,Neutral,0.0,
2024-11-05 12:00:11,Neutral,0.0,
2024-11-05 12:00:11,Neutral,0.0,
2024-11-05 12:00:12,Neutral,0.0,
2024-11-05 12:00:12,Neutral,0.0,
2024-11-05 12:00:12,Neutral,0.0,
2024-11-05 12:00:12,Neutral,0.0,
2024-11-05 12:00:12,Neutral,0.0,
2024-11-05 12:00:13,Neutral,0.0,
2024-11-05 12:00:13,Neutral,0.0,
2024-11-05 12:00:13,Neutral,0.0,
2024-11-05 12:00:13,Neutral,0.0,
2024-11-05 12:00:13,Neutral,0.0,
2024-11-05 12:00:13,Neutral,0.0,
2024-11-05 12:00:14,Neutral,0.0,
2024-11-05 12:00:14,Neutral,0.0,
2024-11-05 12:00:14,Neutral,0.0,
2024-11-05 12:00:14,Neutral,0.0,
2024-11-05 12:00:14,Neutral,0.0,
2024-11-05 12:00:15,Neutral,0.0,
2024-11-05 12:00:15,Neutral,0.0,
2024-11-05 12:00:15,Neutral,0.0,
2024-11-05 12:00:15,Neutral,0.0,
2024-11-05 12:00:16,Neutral,0.0,
2024-11-05 12:00:16,Neutral,0.0,
2024-11-05 12:00:16,Neutral,0.0,
2024-11-05 12:00:16,Neutral,0.0,
2024-11-05 12:00:17,Neutral,0.0,
2024-11-05 12:00:17,Neutral,0.0,
2024-11-05 12:00:18,Fear,0.544704258441925,
2024-11-05 12:00:18,Neutral,0.0,
2024-11-05 12:00:18,Neutral,0.0,
2024-11-05 12:00:19,Neutral,0.0,
2024-11-05 12:00:19,Neutral,0.0,
2024-11-05 12:00:19,Neutral,0.0,
2024-11-05 12:00:20,Neutral,0.0,
2024-11-05 12:00:20,Neutral,0.0,
2024-11-05 12:00:20,Neutral,0.0,
2024-11-05 12:00:21,Neutral,0.0,
2024-11-05 12:00:21,Neutral,0.0,
2024-11-05 12:00:21,Neutral,0.0,
2024-11-05 12:00:22,Neutral,0.0,
2024-11-05 12:00:22,Neutral,0.0,
2024-11-05 12:00:22,Neutral,0.0,
2024-11-05 12:00:22,Neutral,0.0,
2024-11-05 12:00:22,Neutral,0.0,
2024-11-05 12:00:23,Neutral,0.0,
2024-11-05 12:00:23,Neutral,0.0,
2024-11-05 12:00:23,Neutral,0.0,
2024-11-05 12:00:23,Neutral,0.0,
2024-11-05 12:00:23,Neutral,0.0,
2024-11-05 12:00:24,Fear,0.3641513586044311,
2024-11-05 12:00:24,Neutral,0.0,
2024-11-05 12:00:24,Neutral,0.0,
2024-11-05 12:00:25,Neutral,0.0,
2024-11-05 12:00:25,Neutral,0.0,
2024-11-05 12:00:25,Neutral,0.0,
2024-11-05 12:00:26,Neutral,0.0,
2024-11-05 12:00:26,Neutral,0.0,
2024-11-05 12:00:26,Neutral,0.0,
2024-11-05 12:00:27,Neutral,0.0,
2024-11-05 12:00:27,Neutral,0.0,
2024-11-05 12:00:27,Neutral,0.0,
2024-11-05 12:00:28,Neutral,0.0,
2024-11-05 12:00:28,Neutral,0.0,
2024-11-05 12:00:28,Neutral,0.0,
2024-11-05 12:00:28,Neutral,0.0,
2024-11-05 12:00:29,Neutral,0.0,
2024-11-05 12:00:29,Neutral,0.0,
2024-11-05 12:00:29,Neutral,0.0,
2024-11-05 12:00:30,Neutral,0.0,
2024-11-05 12:00:30,Neutral,0.0,
2024-11-05 12:00:30,Neutral,0.0,
2024-11-05 12:00:31,Neutral,0.0,
2024-11-05 12:00:31,Neutral,0.0,
2024-11-05 12:00:31,Neutral,0.0,
2024-11-05 12:00:31,Neutral,0.0,
2024-11-05 12:00:32,Neutral,0.0,
2024-11-05 12:00:32,Neutral,0.0,
2024-11-05 12:00:33,Neutral,0.0,
2024-11-05 12:00:33,Neutral,0.0,
2024-11-05 12:00:33,Neutral,0.0,
2024-11-05 12:00:33,Neutral,0.0,
2024-11-05 12:00:34,Neutral,0.0,
2024-11-05 12:00:34,Neutral,0.0,
2024-11-05 12:00:34,Neutral,0.0,
2024-11-05 12:00:34,Neutral,0.0,
2024-11-05 12:00:35,Neutral,0.0,
2024-11-05 12:00:35,Neutral,0.0,
2024-11-05 12:00:36,Neutral,0.0,
2024-11-05 12:00:36,Neutral,0.0,
2024-11-05 12:00:36,Neutral,0.0,
2024-11-05 12:00:36,Neutral,0.0,
2024-11-05 12:00:37,Neutral,0.0,
2024-11-05 12:00:37,Neutral,0.0,
2024-11-05 12:00:37,Neutral,0.0,
2024-11-05 12:00:38,Neutral,0.0,
2024-11-05 12:00:38,Neutral,0.0,
2024-11-05 12:00:38,Neutral,0.0,
2024-11-05 12:00:38,Neutral,0.0,
2024-11-05 12:00:39,Neutral,0.0,
2024-11-05 12:00:39,Neutral,0.0,
2024-11-05 12:00:39,Neutral,0.0,
2024-11-05 12:00:40,Neutral,0.0,
2024-11-05 12:00:40,Neutral,0.0,
2024-11-05 12:00:40,Neutral,0.0,
2024-11-05 12:00:40,Neutral,0.0,
2024-11-05 12:00:41,Neutral,0.0,
2024-11-05 12:00:41,Neutral,0.0,
2024-11-05 12:00:41,Neutral,0.0,
2024-11-05 12:00:41,Neutral,0.0,
2024-11-05 12:00:42,Neutral,0.0,
2024-11-05 12:00:44,Neutral,0.0,
2024-11-05 12:00:44,Neutral,0.0,
2024-11-05 12:00:45,Neutral,0.0,
2024-11-05 12:00:45,Neutral,0.0,
2024-11-05 12:00:45,Neutral,0.0,
2024-11-05 12:00:46,Neutral,0.0,
2024-11-05 12:00:46,Neutral,0.0,
2024-11-05 12:00:47,Neutral,0.0,
2024-11-05 12:00:47,Neutral,0.0,
2024-11-05 12:00:47,Neutral,0.0,
2024-11-05 12:00:47,Neutral,0.0,
2024-11-05 12:00:48,Neutral,0.0,
2024-11-05 12:00:48,Neutral,0.0,
2024-11-05 12:00:48,Neutral,0.0,
2024-11-05 12:00:49,Neutral,0.0,
2024-11-05 12:00:49,Neutral,0.0,
2024-11-05 12:00:49,Neutral,0.0,
2024-11-05 12:00:50,Neutral,0.0,
2024-11-05 12:00:50,Neutral,0.0,
2024-11-05 12:00:50,Neutral,0.0,
2024-11-05 12:00:51,Neutral,0.0,
2024-11-05 12:00:52,Angry,0.3165453672409057,
2024-11-05 12:00:52,Neutral,0.0,
2024-11-05 12:00:52,Neutral,0.0,
2024-11-05 12:00:52,Neutral,0.0,
2024-11-05 12:00:53,Neutral,0.0,
2024-11-05 12:00:53,Neutral,0.0,
2024-11-05 12:00:53,Neutral,0.0,
2024-11-05 12:00:54,Neutral,0.0,
2024-11-05 12:00:54,Neutral,0.0,
2024-11-05 12:00:54,Neutral,0.0,
2024-11-05 12:00:54,Neutral,0.0,
2024-11-05 12:00:55,Neutral,0.0,
2024-11-05 12:00:55,Neutral,0.0,
2024-11-05 12:00:55,Neutral,0.0,
2024-11-05 12:00:55,Neutral,0.0,
2024-11-05 12:00:56,Neutral,0.0,
2024-11-05 12:00:56,Neutral,0.0,
2024-11-05 12:00:56,Neutral,0.0,
2024-11-05 12:00:56,Neutral,0.0,
2024-11-05 12:00:56,Neutral,0.0,
2024-11-05 12:00:57,Neutral,0.0,
2024-11-05 12:00:57,Neutral,0.0,
2024-11-05 12:00:57,Neutral,0.0,
2024-11-05 12:00:57,Neutral,0.0,
2024-11-05 12:00:57,Neutral,0.0,
2024-11-05 12:00:58,Neutral,0.0,
2024-11-05 12:00:58,Neutral,0.0,
2024-11-05 12:00:58,Neutral,0.0,
2024-11-05 12:00:58,Neutral,0.0,
2024-11-05 12:00:58,Neutral,0.0,
2024-11-05 12:00:59,Neutral,0.0,
2024-11-05 12:00:59,Neutral,0.0,
2024-11-05 12:00:59,Neutral,0.0,
2024-11-05 12:00:59,Neutral,0.0,
2024-11-05 12:00:59,Neutral,0.0,
2024-11-05 12:01:00,Neutral,0.0,
2024-11-05 12:01:00,Neutral,0.0,
2024-11-05 12:01:00,Neutral,0.0,
2024-11-05 12:01:01,Neutral,0.0,
2024-11-05 12:01:01,Neutral,0.0,
2024-11-05 12:01:01,Neutral,0.0,
2024-11-05 12:01:02,Neutral,0.0,
2024-11-05 12:01:02,Neutral,0.0,
2024-11-05 12:01:02,Neutral,0.0,
2024-11-05 12:01:03,Neutral,0.0,
2024-11-05 12:01:03,Neutral,0.0,
2024-11-05 12:01:03,Neutral,0.0,
2024-11-05 12:01:04,Neutral,0.0,
2024-11-05 12:01:04,Neutral,0.0,
2024-11-05 12:01:04,Neutral,0.0,
2024-11-05 12:01:04,Neutral,0.0,
2024-11-05 12:01:05,Neutral,0.0,
2024-11-05 12:01:05,Neutral,0.0,
2024-11-05 12:01:05,Neutral,0.0,
2024-11-05 12:01:05,Neutral,0.0,
2024-11-05 12:01:05,Neutral,0.0,
2024-11-05 12:01:06,Neutral,0.0,
2024-11-05 12:01:06,Neutral,0.0,
2024-11-05 12:01:06,Neutral,0.0,
2024-11-05 12:01:06,Neutral,0.0,
2024-11-05 12:01:06,Neutral,0.0,
2024-11-05 12:01:07,Neutral,0.0,
2024-11-05 12:01:07,Neutral,0.0,
2024-11-05 12:01:07,Neutral,0.0,
2024-11-05 12:01:07,Neutral,0.0,
2024-11-05 12:01:08,Neutral,0.0,
2024-11-05 12:01:08,Neutral,0.0,
2024-11-05 12:01:08,Neutral,0.0,
2024-11-05 12:01:08,Neutral,0.0,
2024-11-05 12:01:08,Neutral,0.0,
2024-11-05 12:01:09,Neutral,0.0,
2024-11-05 12:01:09,Neutral,0.0,
2024-11-05 12:01:09,Neutral,0.0,
2024-11-05 12:01:09,Neutral,0.0,
2024-11-05 12:01:09,Neutral,0.0,
2024-11-05 12:01:10,Neutral,0.0,
2024-11-05 12:01:10,Neutral,0.0,
2024-11-05 12:01:10,Neutral,0.0,
2024-11-05 12:01:10,Neutral,0.0,
2024-11-05 12:01:10,Neutral,0.0,
2024-11-05 12:01:11,Neutral,0.0,
2024-11-05 12:01:11,Neutral,0.0,
2024-11-05 12:01:11,Neutral,0.0,
2024-11-05 12:01:11,Neutral,0.0,
2024-11-05 12:01:11,Neutral,0.0,
2024-11-05 12:01:12,Neutral,0.0,
2024-11-05 12:01:12,Neutral,0.0,
2024-11-05 12:01:12,Neutral,0.0,
2024-11-05 12:01:12,Neutral,0.0,
2024-11-05 12:01:13,Neutral,0.0,
2024-11-05 12:01:13,Neutral,0.0,
2024-11-05 12:01:14,Neutral,0.0,
2024-11-05 12:01:14,Neutral,0.0,
2024-11-05 12:01:14,Neutral,0.0,
2024-11-05 12:01:14,Neutral,0.0,
2024-11-05 12:01:14,Neutral,0.0,
2024-11-05 12:01:15,Neutral,0.0,
2024-11-05 12:01:15,Neutral,0.0,
2024-11-05 12:01:15,Neutral,0.0,
2024-11-05 12:01:16,Neutral,0.0,
2024-11-05 12:01:16,Neutral,0.0,
2024-11-05 12:01:16,Neutral,0.0,
2024-11-05 12:01:16,Neutral,0.0,
2024-11-05 12:01:16,Neutral,0.0,
2024-11-05 12:01:17,Neutral,0.0,
2024-11-05 12:01:17,Neutral,0.0,
2024-11-05 12:01:17,Neutral,0.0,
2024-11-05 12:01:17,Neutral,0.0,
2024-11-05 12:01:17,Neutral,0.0,
2024-11-05 12:01:18,Neutral,0.0,
2024-11-05 12:01:18,Neutral,0.0,
2024-11-05 12:01:18,Neutral,0.0,
2024-11-05 12:01:18,Neutral,0.0,
2024-11-05 12:01:18,Neutral,0.0,
2024-11-05 12:01:19,Neutral,0.0,
2024-11-05 12:01:19,Neutral,0.0,
2024-11-05 12:01:19,Angry,0.5123345255851746,
2024-11-05 12:01:19,Neutral,0.0,
2024-11-05 12:01:20,Angry,0.5045244693756104,
2024-11-05 12:01:20,Neutral,0.0,
2024-11-05 12:01:20,Neutral,0.279475063085556,
2024-11-05 12:01:21,Angry,0.3630234003067016,
2024-11-05 12:01:22,Neutral,0.0,
2024-11-05 12:01:22,Neutral,0.0,
2024-11-05 12:01:23,Neutral,0.0,
2024-11-05 12:01:23,Neutral,0.0,
2024-11-05 12:01:23,Neutral,0.0,
2024-11-05 12:01:23,Neutral,0.0,
2024-11-05 12:01:24,Neutral,0.0,
2024-11-05 12:01:24,Neutral,0.0,
2024-11-05 12:01:24,Neutral,0.0,
2024-11-05 12:01:25,Neutral,0.0,
2024-11-05 12:01:25,Neutral,0.0,
2024-11-05 12:01:25,Neutral,0.0,
2024-11-05 12:01:25,Neutral,0.0,
2024-11-05 12:01:26,Neutral,0.0,
2024-11-05 12:01:26,Neutral,0.0,
2024-11-05 12:01:26,Neutral,0.0,
2024-11-05 12:01:27,Neutral,0.0,
2024-11-05 12:01:27,Neutral,0.0,
2024-11-05 12:01:27,Neutral,0.0,
2024-11-05 12:01:28,Neutral,0.0,
2024-11-05 12:01:28,Neutral,0.0,
2024-11-05 12:01:28,Neutral,0.0,
2024-11-05 12:01:29,Neutral,0.0,
2024-11-05 12:01:29,Neutral,0.0,
2024-11-05 12:01:30,Neutral,0.0,
2024-11-05 12:01:30,Neutral,0.0,
2024-11-05 12:01:31,Neutral,0.0,
2024-11-05 12:01:31,Neutral,0.0,
2024-11-05 12:01:32,Neutral,0.0,
2024-11-05 12:01:32,Neutral,0.0,
2024-11-05 12:01:33,Neutral,0.0,
2024-11-05 12:01:33,Neutral,0.0,
2024-11-05 12:01:34,Neutral,0.0,
2024-11-05 12:01:34,Neutral,0.0,
2024-11-05 12:01:35,Neutral,0.0,
2024-11-05 12:01:35,Neutral,0.0,
2024-11-05 12:01:35,Neutral,0.0,
2024-11-05 12:01:36,Neutral,0.0,
2024-11-05 12:01:36,Neutral,0.0,
2024-11-05 12:01:36,Neutral,0.0,
2024-11-05 12:01:37,Neutral,0.0,
2024-11-05 12:01:37,Neutral,0.0,
2024-11-05 12:01:37,Neutral,0.0,
2024-11-05 12:01:38,Neutral,0.0,
2024-11-05 12:01:38,Neutral,0.0,
2024-11-05 12:01:38,Neutral,0.0,
2024-11-05 12:01:39,Neutral,0.0,
2024-11-05 12:01:39,Neutral,0.0,
2024-11-05 12:01:40,Neutral,0.0,
2024-11-05 12:01:40,Neutral,0.0,
2024-11-05 12:01:40,Neutral,0.0,
2024-11-05 12:01:41,Neutral,0.0,
2024-11-05 12:01:41,Neutral,0.0,
2024-11-05 12:01:42,Neutral,0.0,
2024-11-05 12:01:42,Neutral,0.0,
2024-11-05 12:01:43,Neutral,0.0,
2024-11-05 12:01:43,Neutral,0.0,
2024-11-05 12:01:43,Neutral,0.0,
2024-11-05 12:01:44,Neutral,0.0,
2024-11-05 12:01:44,Neutral,0.0,
2024-11-05 12:01:44,Neutral,0.0,
2024-11-05 12:01:44,Neutral,0.0,
2024-11-05 12:01:45,Neutral,0.0,
2024-11-05 12:01:45,Neutral,0.0,
2024-11-05 12:01:46,Neutral,0.0,
2024-11-05 12:01:46,Neutral,0.0,
2024-11-05 12:01:46,Neutral,0.0,
2024-11-05 12:01:47,Neutral,0.0,
2024-11-05 12:01:47,Neutral,0.0,
2024-11-05 12:01:48,Neutral,0.0,
2024-11-05 12:01:48,Neutral,0.0,
2024-11-05 12:01:49,Neutral,0.0,
2024-11-05 12:01:49,Neutral,0.0,
2024-11-05 12:01:50,Neutral,0.0,
2024-11-05 12:01:50,Neutral,0.0,
2024-11-05 12:01:51,Neutral,0.0,
2024-11-05 12:01:51,Neutral,0.0,
2024-11-05 12:01:51,Neutral,0.0,
2024-11-05 12:01:52,Neutral,0.0,
2024-11-05 12:01:52,Neutral,0.0,
2024-11-05 12:01:53,Neutral,0.0,
2024-11-05 12:01:53,Neutral,0.0,
2024-11-05 12:01:53,Neutral,0.0,
2024-11-05 12:01:54,Neutral,0.0,
2024-11-05 12:01:54,Neutral,0.0,
2024-11-05 12:01:54,Neutral,0.0,
2024-11-05 12:01:55,Neutral,0.0,
2024-11-05 12:01:55,Neutral,0.0,
2024-11-05 12:01:55,Neutral,0.0,
2024-11-05 12:01:56,Neutral,0.0,
2024-11-05 12:01:56,Neutral,0.0,
2024-11-05 12:01:57,Neutral,0.0,
2024-11-05 12:01:57,Neutral,0.0,
2024-11-05 12:01:58,Neutral,0.0,
2024-11-05 12:01:58,Neutral,0.0,
2024-11-05 12:01:59,Neutral,0.0,
2024-11-05 12:01:59,Neutral,0.0,
2024-11-05 12:01:59,Neutral,0.0,
2024-11-05 12:02:00,Neutral,0.0,
2024-11-05 12:02:00,Neutral,0.0,
2024-11-05 12:02:00,Neutral,0.0,
2024-11-05 12:02:01,Neutral,0.0,
2024-11-05 12:02:01,Neutral,0.0,
2024-11-05 12:02:01,Neutral,0.0,
2024-11-05 12:02:02,Neutral,0.0,
2024-11-05 12:02:02,Neutral,0.0,
2024-11-05 12:02:02,Neutral,0.0,
2024-11-05 12:02:03,Neutral,0.0,
2024-11-05 12:02:03,Neutral,0.0,
2024-11-05 12:02:04,Neutral,0.0,
2024-11-05 12:02:04,Neutral,0.0,
2024-11-05 12:02:04,Neutral,0.0,
2024-11-05 12:02:04,Neutral,0.0,
2024-11-05 12:02:05,Neutral,0.0,
2024-11-05 12:02:05,Neutral,0.0,
2024-11-05 12:02:06,Neutral,0.0,
2024-11-05 12:02:07,Neutral,0.0,
2024-11-05 12:02:07,Neutral,0.0,
2024-11-05 12:02:07,Neutral,0.0,
2024-11-05 12:02:08,Neutral,0.0,
2024-11-05 12:02:08,Neutral,0.0,
2024-11-05 12:02:08,Neutral,0.0,
2024-11-05 12:02:09,Neutral,0.0,
2024-11-05 12:02:09,Neutral,0.0,
2024-11-05 12:02:09,Neutral,0.0,
2024-11-05 12:02:10,Neutral,0.0,
2024-11-05 12:02:10,Neutral,0.0,
2024-11-05 12:02:10,Neutral,0.0,
2024-11-05 12:02:11,Neutral,0.0,
2024-11-05 12:02:11,Neutral,0.0,
2024-11-05 12:02:11,Neutral,0.0,
2024-11-05 12:02:12,Neutral,0.0,
2024-11-05 12:02:12,Neutral,0.0,
2024-11-05 12:02:13,Neutral,0.0,
2024-11-05 12:02:13,Neutral,0.0,
2024-11-05 12:02:13,Neutral,0.0,
2024-11-05 12:02:14,Neutral,0.0,
2024-11-05 12:02:14,Neutral,0.0,
2024-11-05 12:02:14,Neutral,0.0,
2024-11-05 12:02:15,Neutral,0.0,
2024-11-05 12:02:15,Neutral,0.0,
2024-11-05 12:02:15,Neutral,0.0,
2024-11-05 12:02:16,Neutral,0.0,
2024-11-05 12:02:16,Neutral,0.0,
2024-11-05 12:02:16,Neutral,0.0,
2024-11-05 12:02:17,Neutral,0.0,
2024-11-05 12:02:17,Neutral,0.0,
2024-11-05 12:02:17,Neutral,0.0,
2024-11-05 12:02:18,Neutral,0.0,
2024-11-05 12:02:18,Neutral,0.0,
2024-11-05 12:02:18,Neutral,0.0,
2024-11-05 12:02:19,Neutral,0.0,
2024-11-05 12:02:19,Neutral,0.0,
2024-11-05 12:02:19,Neutral,0.0,
2024-11-05 12:02:20,Neutral,0.0,
2024-11-05 12:02:20,Neutral,0.0,
2024-11-05 12:02:20,Neutral,0.0,
2024-11-05 12:02:21,Neutral,0.0,
2024-11-05 12:02:21,Neutral,0.0,
2024-11-05 12:02:21,Neutral,0.0,
2024-11-05 12:02:22,Neutral,0.0,
2024-11-05 12:02:22,Neutral,0.0,
2024-11-05 12:02:22,Neutral,0.0,
2024-11-05 12:02:23,Neutral,0.0,
2024-11-05 12:02:23,Neutral,0.0,
2024-11-05 12:02:23,Neutral,0.0,
2024-11-05 12:02:24,Neutral,0.0,
2024-11-05 12:02:24,Neutral,0.0,
2024-11-05 12:02:24,Neutral,0.0,
2024-11-05 12:02:25,Neutral,0.0,
2024-11-05 12:02:25,Neutral,0.0,
2024-11-05 12:02:26,Neutral,0.0,
2024-11-05 12:02:26,Neutral,0.0,
2024-11-05 12:02:26,Neutral,0.0,
2024-11-05 12:02:27,Neutral,0.0,
2024-11-05 12:02:27,Neutral,0.0,
2024-11-05 12:02:27,Neutral,0.0,
2024-11-05 12:02:28,Neutral,0.0,
2024-11-05 12:02:28,Neutral,0.0,
2024-11-05 12:02:28,Neutral,0.0,
2024-11-05 12:02:29,Neutral,0.0,
2024-11-05 12:02:29,Neutral,0.0,
2024-11-05 12:02:29,Neutral,0.0,
2024-11-05 12:02:30,Neutral,0.0,
2024-11-05 12:02:30,Neutral,0.0,
2024-11-05 12:02:30,Neutral,0.0,
2024-11-05 12:02:31,Neutral,0.0,
2024-11-05 12:02:31,Neutral,0.0,
2024-11-05 12:02:31,Neutral,0.0,
2024-11-05 12:02:32,Neutral,0.0,
2024-11-05 12:02:32,Neutral,0.0,
2024-11-05 12:02:32,Neutral,0.0,
2024-11-05 12:02:33,Neutral,0.0,
2024-11-05 12:02:33,Neutral,0.0,
2024-11-05 12:02:33,Neutral,0.0,
2024-11-05 12:02:34,Neutral,0.0,
2024-11-05 12:02:34,Neutral,0.0,
2024-11-05 12:02:34,Neutral,0.0,
2024-11-05 12:02:35,Neutral,0.0,
2024-11-05 12:02:35,Neutral,0.0,
2024-11-05 12:02:35,Neutral,0.0,
2024-11-05 12:02:36,Neutral,0.0,
2024-11-05 12:02:36,Neutral,0.0,
2024-11-05 12:02:36,Neutral,0.0,
2024-11-05 12:02:37,Neutral,0.0,
2024-11-05 12:02:37,Neutral,0.0,
2024-11-05 12:02:38,Neutral,0.0,
2024-11-05 12:02:38,Neutral,0.0,
2024-11-05 12:02:39,Neutral,0.0,
2024-11-05 12:02:39,Neutral,0.0,
2024-11-05 12:02:39,Neutral,0.0,
2024-11-05 12:02:39,Neutral,0.0,
2024-11-05 12:02:40,Neutral,0.0,
2024-11-05 12:02:40,Neutral,0.0,
2024-11-05 12:02:40,Neutral,0.0,
2024-11-05 12:02:41,Neutral,0.0,
2024-11-05 12:02:41,Neutral,0.0,
2024-11-05 12:02:41,Neutral,0.0,
2024-11-05 12:02:42,Neutral,0.0,
2024-11-05 12:02:42,Neutral,0.0,
2024-11-05 12:02:42,Neutral,0.0,
2024-11-05 12:02:43,Neutral,0.0,
2024-11-05 12:02:43,Neutral,0.0,
2024-11-05 12:02:43,Neutral,0.0,
2024-11-05 12:02:44,Neutral,0.0,
2024-11-05 12:02:44,Neutral,0.0,
2024-11-05 12:02:45,Neutral,0.0,
2024-11-05 12:02:45,Neutral,0.0,
2024-11-05 12:02:46,Neutral,0.0,
2024-11-05 12:02:47,Neutral,0.0,
2024-11-05 12:02:48,Neutral,0.0,
2024-11-05 12:02:48,Neutral,0.0,
2024-11-05 12:02:49,Neutral,0.0,
2024-11-05 12:02:50,Neutral,0.0,
2024-11-05 12:02:50,Neutral,0.0,
2024-11-05 12:02:50,Neutral,0.0,
2024-11-05 12:02:51,Neutral,0.0,
2024-11-05 12:02:51,Neutral,0.0,
2024-11-05 12:02:52,Neutral,0.0,
2024-11-05 12:02:52,Neutral,0.0,
2024-11-05 12:02:52,Neutral,0.0,
2024-11-05 12:02:53,Neutral,0.0,
2024-11-05 12:02:53,Neutral,0.0,
2024-11-05 12:02:54,Neutral,0.0,
2024-11-05 12:02:54,Neutral,0.0,
2024-11-05 12:02:55,Neutral,0.0,
2024-11-05 12:02:55,Neutral,0.0,
2024-11-05 12:02:55,Neutral,0.0,
2024-11-05 12:02:56,Neutral,0.0,
2024-11-05 12:02:57,Neutral,0.0,
2024-11-05 12:02:58,Neutral,0.0,
2024-11-05 12:02:58,Neutral,0.0,
2024-11-05 12:02:59,Neutral,0.0,
2024-11-05 12:02:59,Neutral,0.0,
2024-11-05 12:03:00,Neutral,0.0,
2024-11-05 12:03:00,Neutral,0.0,
2024-11-05 12:03:01,Neutral,0.0,
2024-11-05 12:03:01,Neutral,0.0,
2024-11-05 12:03:01,Neutral,0.0,
2024-11-05 12:03:02,Neutral,0.0,
2024-11-05 12:03:02,Neutral,0.0,
2024-11-05 12:03:03,Neutral,0.0,
2024-11-05 12:03:03,Neutral,0.0,
2024-11-05 12:03:04,Neutral,0.0,
2024-11-05 12:03:04,Neutral,0.0,
2024-11-05 12:03:05,Neutral,0.0,
2024-11-05 12:03:05,Neutral,0.0,
2024-11-05 12:03:06,Neutral,0.0,
2024-11-05 12:03:06,Neutral,0.0,
2024-11-05 12:03:07,Neutral,0.0,
2024-11-05 12:03:07,Neutral,0.0,
2024-11-05 12:03:08,Neutral,0.0,
2024-11-05 12:03:08,Neutral,0.0,
2024-11-05 12:03:08,Neutral,0.0,
2024-11-05 12:03:09,Neutral,0.0,
2024-11-05 12:03:09,Neutral,0.0,
2024-11-05 12:03:10,Neutral,0.0,
2024-11-05 12:03:10,Neutral,0.0,
2024-11-05 12:03:10,Neutral,0.0,
2024-11-05 12:03:11,Neutral,0.0,
2024-11-05 12:03:11,Neutral,0.0,
2024-11-05 12:03:12,Neutral,0.0,
2024-11-05 12:03:12,Neutral,0.0,
2024-11-05 12:03:13,Neutral,0.0,
2024-11-05 12:03:13,Neutral,0.0,
2024-11-05 12:03:14,Neutral,0.0,
2024-11-05 12:03:14,Neutral,0.0,
2024-11-05 12:03:15,Neutral,0.0,
2024-11-05 12:03:16,Neutral,0.0,
2024-11-05 12:03:17,Neutral,0.0,
2024-11-05 12:03:17,Neutral,0.0,
2024-11-05 12:03:18,Neutral,0.0,
2024-11-05 12:03:18,Neutral,0.0,
2024-11-05 12:03:18,Neutral,0.0,
2024-11-05 12:03:19,Neutral,0.0,
2024-11-05 12:03:19,Neutral,0.0,
2024-11-05 12:03:20,Neutral,0.0,
2024-11-05 12:03:20,Neutral,0.0,
2024-11-05 12:03:21,Neutral,0.0,
2024-11-05 12:03:21,Neutral,0.0,
2024-11-05 12:03:22,Neutral,0.0,
2024-11-05 12:03:22,Neutral,0.0,
2024-11-05 12:03:23,Neutral,0.0,
2024-11-05 12:03:23,Neutral,0.0,
2024-11-05 12:03:23,Neutral,0.0,
2024-11-05 12:03:24,Neutral,0.0,
2024-11-05 12:03:24,Neutral,0.0,
2024-11-05 12:03:24,Neutral,0.0,
2024-11-05 12:03:25,Neutral,0.0,
2024-11-05 12:03:25,Neutral,0.0,
2024-11-05 12:03:26,Neutral,0.0,
2024-11-05 12:03:26,Neutral,0.0,
2024-11-05 12:03:27,Neutral,0.0,
2024-11-05 12:03:27,Neutral,0.0,
2024-11-05 12:03:27,Neutral,0.0,
2024-11-05 12:03:28,Neutral,0.0,
2024-11-05 12:03:28,Neutral,0.0,
2024-11-05 12:03:29,Neutral,0.0,
2024-11-05 12:03:29,Neutral,0.0,
2024-11-05 12:03:29,Neutral,0.0,
2024-11-05 12:03:30,Neutral,0.0,
2024-11-05 12:03:30,Neutral,0.0,
2024-11-05 12:03:31,Neutral,0.0,
2024-11-05 12:03:31,Neutral,0.0,
2024-11-05 12:03:32,Neutral,0.0,
2024-11-05 12:03:32,Neutral,0.0,
2024-11-05 12:03:32,Neutral,0.0,
2024-11-05 12:03:32,Neutral,0.0,
2024-11-05 12:03:33,Neutral,0.0,
2024-11-05 12:03:33,Neutral,0.0,
2024-11-05 12:03:33,Neutral,0.0,
2024-11-05 12:03:34,Neutral,0.0,
2024-11-05 12:03:34,Neutral,0.0,
2024-11-05 12:03:34,Neutral,0.0,
2024-11-05 12:03:34,Neutral,0.0,
2024-11-05 12:03:35,Neutral,0.0,
2024-11-05 12:03:35,Neutral,0.0,
2024-11-05 12:03:35,Neutral,0.0,
2024-11-05 12:03:36,Neutral,0.0,
2024-11-05 12:03:36,Neutral,0.0,
2024-11-05 12:03:36,Neutral,0.0,
2024-11-05 12:03:36,Neutral,0.0,
2024-11-05 12:03:37,Neutral,0.0,
2024-11-05 12:03:37,Neutral,0.0,
2024-11-05 12:03:37,Neutral,0.0,
2024-11-05 12:03:38,Neutral,0.0,
2024-11-05 12:03:38,Neutral,0.0,
2024-11-05 12:03:38,Neutral,0.0,
2024-11-05 12:03:38,Neutral,0.0,
2024-11-05 12:03:39,Neutral,0.0,
2024-11-05 12:03:39,Neutral,0.0,
2024-11-05 12:03:39,Neutral,0.0,
2024-11-05 12:03:39,Neutral,0.0,
2024-11-05 12:03:40,Neutral,0.0,
2024-11-05 12:03:40,Neutral,0.0,
2024-11-05 12:05:52,Neutral,0.0,
2024-11-05 12:05:52,Neutral,0.0,
2024-11-05 12:05:53,Neutral,0.0,
2024-11-05 12:05:53,Neutral,0.0,
2024-11-05 12:05:53,Neutral,0.0,
2024-11-05 12:05:54,Neutral,0.0,
2024-11-05 12:05:54,Neutral,0.0,
2024-11-05 12:05:54,Neutral,0.0,
2024-11-05 12:05:54,Neutral,0.0,
2024-11-05 12:05:55,Neutral,0.0,
2024-11-05 12:05:55,Neutral,0.0,
2024-11-05 12:05:55,Neutral,0.0,
2024-11-05 12:05:55,Neutral,0.0,
2024-11-05 12:05:56,Neutral,0.0,
2024-11-05 12:05:56,Neutral,0.0,
2024-11-05 12:05:56,Neutral,0.0,
2024-11-05 12:05:56,Neutral,0.0,
2024-11-05 12:05:57,Neutral,0.0,
2024-11-05 12:05:57,Neutral,0.0,
2024-11-05 12:05:57,Neutral,0.0,
2024-11-05 12:05:58,Neutral,0.0,
2024-11-05 12:05:58,Neutral,0.0,
2024-11-05 12:05:58,Neutral,0.0,
2024-11-05 12:05:58,Neutral,0.0,
2024-11-05 12:05:59,Neutral,0.0,
2024-11-05 12:05:59,Neutral,0.0,
2024-11-05 12:05:59,Neutral,0.0,
2024-11-05 12:06:01,Fear,0.3410825729370117,
2024-11-05 12:06:01,Neutral,0.0,
2024-11-05 12:06:02,Neutral,0.0,
2024-11-05 12:06:02,Neutral,0.0,
2024-11-05 12:06:02,Neutral,0.0,
2024-11-05 12:06:02,Neutral,0.0,
2024-11-05 12:06:03,Neutral,0.0,
2024-11-05 12:06:03,Neutral,0.0,
2024-11-05 12:06:03,Neutral,0.0,
2024-11-05 12:06:03,Neutral,0.0,
2024-11-05 12:06:04,Neutral,0.0,
2024-11-05 12:06:04,Neutral,0.0,
2024-11-05 12:06:04,Neutral,0.0,
2024-11-05 12:06:04,Neutral,0.0,
2024-11-05 12:06:05,Neutral,0.0,
2024-11-05 12:06:05,Neutral,0.0,
2024-11-05 12:06:05,Neutral,0.0,
2024-11-05 12:06:05,Neutral,0.0,
2024-11-05 12:06:06,Neutral,0.0,
2024-11-05 12:06:06,Neutral,0.0,
2024-11-05 12:06:06,Neutral,0.0,
2024-11-05 12:06:07,Neutral,0.0,
2024-11-05 12:06:07,Neutral,0.0,
2024-11-05 12:06:07,Neutral,0.0,
2024-11-05 12:06:07,Neutral,0.0,
2024-11-05 12:06:08,Neutral,0.0,
2024-11-05 12:06:08,Neutral,0.0,
2024-11-05 12:06:08,Neutral,0.0,
2024-11-05 12:06:08,Neutral,0.0,
2024-11-05 12:06:09,Neutral,0.0,
2024-11-05 12:06:09,Neutral,0.0,
2024-11-05 12:06:09,Neutral,0.0,
2024-11-05 12:06:09,Neutral,0.0,
2024-11-05 12:06:09,Neutral,0.0,
2024-11-05 12:06:10,Neutral,0.0,
2024-11-05 12:06:10,Neutral,0.0,
2024-11-05 12:06:10,Neutral,0.0,
2024-11-05 12:06:10,Neutral,0.0,
2024-11-05 12:06:11,Neutral,0.0,
2024-11-05 12:06:11,Neutral,0.0,
2024-11-05 12:06:11,Neutral,0.0,
2024-11-05 12:06:11,Neutral,0.0,
2024-11-05 12:06:12,Neutral,0.0,
2024-11-05 12:06:12,Neutral,0.0,
2024-11-05 12:06:12,Neutral,0.0,
2024-11-05 12:06:12,Neutral,0.0,
2024-11-05 12:06:13,Neutral,0.0,
2024-11-05 12:06:13,Neutral,0.0,
2024-11-05 12:06:13,Neutral,0.0,
2024-11-05 12:06:13,Neutral,0.0,
2024-11-05 12:06:14,Neutral,0.0,
2024-11-05 12:06:14,Neutral,0.0,
2024-11-05 12:06:14,Neutral,0.0,
2024-11-05 12:06:14,Neutral,0.0,
2024-11-05 12:06:15,Neutral,0.0,
2024-11-05 12:06:15,Neutral,0.0,
2024-11-05 12:06:15,Neutral,0.0,
2024-11-05 12:06:15,Neutral,0.0,
2024-11-05 12:06:16,Neutral,0.0,
2024-11-05 12:06:16,Neutral,0.0,
2024-11-05 12:06:16,Neutral,0.0,
2024-11-05 12:06:16,Neutral,0.0,
2024-11-05 12:06:16,Neutral,0.0,
2024-11-05 12:06:17,Neutral,0.0,
2024-11-05 12:06:17,Neutral,0.0,
2024-11-05 12:06:17,Neutral,0.0,
2024-11-05 12:06:18,Neutral,0.0,
2024-11-05 12:06:18,Neutral,0.0,
2024-11-05 12:06:18,Neutral,0.0,
2024-11-05 12:06:18,Neutral,0.0,
2024-11-05 12:06:18,Neutral,0.0,
2024-11-05 12:06:19,Neutral,0.0,
2024-11-05 12:06:19,Neutral,0.0,
2024-11-05 12:06:19,Neutral,0.0,
2024-11-05 12:06:19,Neutral,0.0,
2024-11-05 12:06:20,Neutral,0.0,
2024-11-05 12:06:20,Neutral,0.0,
2024-11-05 12:06:20,Neutral,0.0,
2024-11-05 12:06:20,Neutral,0.0,
2024-11-05 12:06:21,Neutral,0.0,
2024-11-05 12:06:21,Neutral,0.0,
2024-11-05 12:06:21,Neutral,0.0,
2024-11-05 12:06:21,Neutral,0.0,
2024-11-05 12:06:22,Neutral,0.0,
2024-11-05 12:06:22,Neutral,0.0,
2024-11-05 12:06:22,Neutral,0.0,
2024-11-05 12:06:22,Neutral,0.0,
2024-11-05 12:06:23,Neutral,0.0,
2024-11-05 12:06:23,Neutral,0.0,
2024-11-05 12:06:23,Neutral,0.0,
2024-11-05 12:06:23,Neutral,0.0,
2024-11-05 12:06:24,Neutral,0.0,
2024-11-05 12:06:24,Neutral,0.0,
2024-11-05 12:06:24,Neutral,0.0,
2024-11-05 12:06:24,Neutral,0.0,
2024-11-05 12:06:25,Neutral,0.0,
2024-11-05 12:06:25,Neutral,0.0,
2024-11-05 12:06:25,Neutral,0.0,
2024-11-05 12:06:25,Neutral,0.0,
2024-11-05 12:06:26,Neutral,0.0,
2024-11-05 12:06:26,Neutral,0.0,
2024-11-05 12:06:26,Neutral,0.0,
2024-11-05 12:06:26,Neutral,0.0,
2024-11-05 12:06:27,Neutral,0.0,
2024-11-05 12:06:27,Neutral,0.0,
2024-11-05 12:06:27,Neutral,0.0,
2024-11-05 12:06:27,Neutral,0.0,
2024-11-05 12:06:28,Neutral,0.0,
2024-11-05 12:06:28,Neutral,0.0,
2024-11-05 12:06:28,Neutral,0.0,
2024-11-05 12:06:28,Neutral,0.0,
2024-11-05 12:06:29,Neutral,0.0,
2024-11-05 12:06:29,Neutral,0.0,
2024-11-05 12:06:29,Neutral,0.0,
2024-11-05 12:06:29,Neutral,0.0,
2024-11-05 12:06:30,Neutral,0.0,
2024-11-05 12:06:30,Neutral,0.0,
2024-11-05 12:06:30,Neutral,0.0,
2024-11-05 12:06:30,Neutral,0.0,
2024-11-05 12:06:31,Neutral,0.0,
2024-11-05 12:06:31,Neutral,0.0,
2024-11-05 12:06:31,Neutral,0.0,
2024-11-05 12:06:31,Neutral,0.0,
2024-11-05 12:06:32,Neutral,0.0,
2024-11-05 12:06:32,Neutral,0.0,
2024-11-05 12:06:32,Neutral,0.0,
2024-11-05 12:06:33,Neutral,0.0,
2024-11-05 12:06:33,Neutral,0.0,
2024-11-05 12:06:33,Neutral,0.0,
2024-11-05 12:06:33,Neutral,0.0,
2024-11-05 12:06:34,Neutral,0.0,
2024-11-05 12:06:34,Neutral,0.0,
2024-11-05 12:06:34,Neutral,0.0,
2024-11-05 12:06:34,Neutral,0.0,
2024-11-05 12:06:35,Neutral,0.0,
2024-11-05 12:06:35,Neutral,0.0,
2024-11-05 12:06:35,Neutral,0.0,
2024-11-05 12:06:35,Neutral,0.0,
2024-11-05 12:06:35,Neutral,0.0,
2024-11-05 12:06:36,Neutral,0.0,
2024-11-05 12:06:36,Neutral,0.0,
2024-11-05 12:06:36,Neutral,0.0,
2024-11-05 12:06:36,Neutral,0.0,
2024-11-05 12:06:37,Neutral,0.0,
2024-11-05 12:06:37,Neutral,0.0,
2024-11-05 12:06:37,Neutral,0.0,
2024-11-05 12:06:37,Neutral,0.0,
2024-11-05 12:06:38,Neutral,0.0,
2024-11-05 12:06:38,Neutral,0.0,
2024-11-05 12:06:38,Neutral,0.0,
2024-11-05 12:06:38,Neutral,0.0,
2024-11-05 12:06:39,Neutral,0.0,
2024-11-05 12:06:39,Neutral,0.0,
2024-11-05 12:06:39,Neutral,0.0,
2024-11-05 12:06:39,Neutral,0.0,
2024-11-05 12:06:40,Neutral,0.0,
2024-11-05 12:06:40,Neutral,0.0,
2024-11-05 12:06:40,Neutral,0.0,
2024-11-05 12:06:40,Neutral,0.0,
2024-11-05 12:06:41,Neutral,0.0,
2024-11-05 12:06:41,Neutral,0.0,
2024-11-05 12:06:41,Neutral,0.0,
2024-11-05 12:06:41,Neutral,0.0,
2024-11-05 12:06:42,Neutral,0.0,
2024-11-05 12:06:42,Neutral,0.0,
2024-11-05 12:06:42,Neutral,0.0,
2024-11-05 12:06:42,Neutral,0.0,
2024-11-05 12:06:43,Neutral,0.0,
2024-11-05 12:06:43,Neutral,0.0,
2024-11-05 12:06:43,Neutral,0.0,
2024-11-05 12:06:43,Neutral,0.0,
2024-11-05 12:06:44,Neutral,0.0,
2024-11-05 12:06:44,Neutral,0.0,
2024-11-05 12:06:44,Neutral,0.0,
2024-11-05 12:06:44,Neutral,0.0,
2024-11-05 12:06:45,Neutral,0.0,
2024-11-05 12:06:45,Neutral,0.0,
2024-11-05 12:06:45,Neutral,0.0,
2024-11-05 12:06:45,Neutral,0.0,
2024-11-05 12:06:46,Neutral,0.0,
2024-11-05 12:06:46,Sad,0.3752867877483368,
2024-11-05 12:06:47,Fear,0.5434058308601379,
2024-11-05 12:06:48,Fear,0.7996348142623901,
2024-11-05 12:06:49,Fear,0.6213643550872803,
2024-11-05 12:06:49,Surprise,0.4931486248970032,
2024-11-05 12:06:50,Fear,0.4808527529239654,
2024-11-05 12:06:51,Fear,0.6929994225502014,
2024-11-05 12:06:51,Fear,0.6325735449790955,
2024-11-05 12:06:52,Fear,0.789720356464386,
2024-11-05 12:06:52,Fear,0.6934869289398193,
2024-11-05 12:06:53,Neutral,0.0,
2024-11-05 12:06:53,Neutral,0.0,
2024-11-05 12:06:53,Neutral,0.0,
2024-11-05 12:06:54,Neutral,0.0,
2024-11-05 12:06:54,Surprise,0.4505626559257507,
2024-11-05 12:06:55,Fear,0.7438524961471558,
2024-11-05 12:06:55,Fear,0.774229109287262,
2024-11-05 12:06:56,Fear,0.6873692870140076,
2024-11-05 12:06:56,Fear,0.5276784896850586,
2024-11-05 12:06:57,Fear,0.647681713104248,
2024-11-05 12:06:58,Fear,0.4958157837390899,
2024-11-05 12:06:58,Fear,0.7932353019714355,
2024-11-05 12:06:59,Fear,0.6595703959465027,
2024-11-05 12:06:59,Fear,0.6811596751213074,
2024-11-05 12:07:00,Fear,0.7830083966255188,
2024-11-05 12:07:00,Fear,0.6455923318862915,
2024-11-05 12:07:01,Fear,0.6918209791183472,
2024-11-05 12:07:01,Fear,0.8234706521034241,
2024-11-05 12:07:02,Fear,0.6301496028900146,
2024-11-05 12:07:03,Fear,0.5899439454078674,
2024-11-05 12:07:03,Fear,0.7452009916305542,
2024-11-05 12:07:04,Fear,0.6678988337516785,
2024-11-05 12:07:04,Neutral,0.0,
2024-11-05 12:07:04,Neutral,0.0,
2024-11-05 12:07:05,Neutral,0.0,
2024-11-05 12:07:05,Neutral,0.0,
2024-11-05 12:07:05,Neutral,0.0,
2024-11-05 12:07:05,Neutral,0.0,
2024-11-05 12:07:06,Neutral,0.0,
2024-11-05 12:07:06,Neutral,0.0,
2024-11-05 12:07:06,Neutral,0.0,
2024-11-05 12:07:06,Neutral,0.0,
2024-11-05 12:07:06,Neutral,0.0,
2024-11-05 12:07:07,Neutral,0.0,
2024-11-05 12:07:07,Neutral,0.0,
2024-11-05 12:07:07,Neutral,0.0,
2024-11-05 12:07:07,Neutral,0.0,
2024-11-05 12:07:08,Neutral,0.0,
2024-11-05 12:07:08,Neutral,0.0,
2024-11-05 12:07:08,Neutral,0.0,
2024-11-05 12:07:08,Neutral,0.0,
2024-11-05 12:07:09,Neutral,0.0,
2024-11-05 12:07:09,Neutral,0.0,
2024-11-05 12:07:09,Neutral,0.0,
2024-11-05 12:07:09,Neutral,0.0,
2024-11-05 12:07:10,Neutral,0.0,
2024-11-05 12:07:10,Neutral,0.0,
2024-11-05 12:07:10,Neutral,0.0,
2024-11-05 12:07:10,Neutral,0.0,
2024-11-05 12:07:11,Neutral,0.0,
2024-11-05 12:07:11,Neutral,0.0,
2024-11-05 12:07:11,Neutral,0.0,
2024-11-05 12:07:11,Neutral,0.0,
2024-11-05 12:07:12,Neutral,0.0,
2024-11-05 12:07:12,Neutral,0.0,
2024-11-05 12:07:12,Neutral,0.0,
2024-11-05 12:07:12,Neutral,0.0,
2024-11-05 12:07:13,Neutral,0.0,
2024-11-05 12:07:13,Neutral,0.0,
2024-11-05 12:07:13,Neutral,0.0,
2024-11-05 12:07:13,Neutral,0.0,
2024-11-05 12:07:13,Neutral,0.0,
2024-11-05 12:07:14,Neutral,0.0,
2024-11-05 12:07:14,Neutral,0.0,
2024-11-05 12:07:14,Neutral,0.0,
2024-11-05 12:07:14,Neutral,0.0,
2024-11-05 12:07:15,Neutral,0.0,
2024-11-05 12:07:15,Neutral,0.0,
2024-11-05 12:07:15,Neutral,0.0,
2024-11-05 12:07:15,Neutral,0.0,
2024-11-05 12:07:16,Neutral,0.0,
2024-11-05 12:07:16,Neutral,0.0,
2024-11-05 12:07:16,Neutral,0.0,
2024-11-05 12:07:17,Neutral,0.0,
2024-11-05 12:07:17,Neutral,0.0,
2024-11-05 12:07:17,Neutral,0.0,
2024-11-05 12:07:18,Neutral,0.0,
2024-11-05 12:07:18,Neutral,0.0,
2024-11-05 12:07:18,Neutral,0.0,
2024-11-05 12:07:18,Neutral,0.0,
2024-11-05 12:07:18,Neutral,0.0,
2024-11-05 12:07:19,Neutral,0.0,
2024-11-05 12:07:19,Neutral,0.0,
2024-11-05 12:07:19,Neutral,0.0,
2024-11-05 12:10:24,Neutral,0.0,
2024-11-05 12:10:24,Neutral,0.0,
2024-11-05 12:10:24,Neutral,0.0,
2024-11-05 12:10:24,Neutral,0.0,
2024-11-05 12:10:25,Neutral,0.0,
2024-11-05 12:10:25,Neutral,0.0,
2024-11-05 12:10:25,Neutral,0.0,
2024-11-05 12:10:25,Neutral,0.0,
2024-11-05 12:10:26,Neutral,0.0,
2024-11-05 12:10:26,Neutral,0.0,
2024-11-05 12:10:26,Neutral,0.0,
2024-11-05 12:10:26,Neutral,0.0,
2024-11-05 12:10:27,Neutral,0.0,
2024-11-05 12:10:27,Neutral,0.0,
2024-11-05 12:10:27,Neutral,0.0,
2024-11-05 12:10:27,Neutral,0.0,
2024-11-05 12:10:28,Neutral,0.0,
2024-11-05 12:10:28,Neutral,0.0,
2024-11-05 12:10:28,Neutral,0.0,
2024-11-05 12:10:28,Neutral,0.0,
2024-11-05 12:10:29,Neutral,0.0,
2024-11-05 12:10:29,Neutral,0.0,
2024-11-05 12:10:29,Neutral,0.0,
2024-11-05 12:10:30,Sad,0.7403093576431274,
2024-11-05 12:10:31,Neutral,0.0,
2024-11-05 12:10:31,Neutral,0.0,
2024-11-05 12:10:31,Neutral,0.0,
2024-11-05 12:10:31,Neutral,0.0,
2024-11-05 12:10:32,Neutral,0.0,
2024-11-05 12:10:32,Neutral,0.0,
2024-11-05 12:10:32,Neutral,0.0,
2024-11-05 12:10:33,Neutral,0.0,
2024-11-05 12:10:33,Neutral,0.0,
2024-11-05 12:10:33,Neutral,0.0,
2024-11-05 12:10:33,Neutral,0.0,
2024-11-05 12:10:34,Neutral,0.0,
2024-11-05 12:10:34,Neutral,0.0,
2024-11-05 12:10:34,Neutral,0.0,
2024-11-05 12:10:34,Neutral,0.0,
2024-11-05 12:10:34,Neutral,0.0,
2024-11-05 12:10:35,Neutral,0.0,
2024-11-05 12:10:35,Neutral,0.0,
2024-11-05 12:10:35,Neutral,0.0,
2024-11-05 12:10:35,Neutral,0.0,
2024-11-05 12:10:36,Neutral,0.0,
2024-11-05 12:10:36,Neutral,0.0,
2024-11-05 12:10:36,Neutral,0.0,
2024-11-05 12:10:36,Neutral,0.0,
2024-11-05 12:10:37,Neutral,0.0,
2024-11-05 12:10:37,Neutral,0.0,
2024-11-05 12:10:37,Neutral,0.0,
2024-11-05 12:10:37,Neutral,0.0,
2024-11-05 12:10:38,Neutral,0.0,
2024-11-05 12:10:38,Neutral,0.0,
2024-11-05 12:10:38,Neutral,0.0,
2024-11-05 12:10:38,Neutral,0.0,
2024-11-05 12:10:39,Neutral,0.0,
2024-11-05 12:10:39,Neutral,0.0,
2024-11-05 12:10:39,Neutral,0.0,
2024-11-05 12:10:39,Neutral,0.0,
2024-11-05 12:10:40,Neutral,0.0,
2024-11-05 12:10:40,Neutral,0.0,
2024-11-05 12:10:40,Neutral,0.0,
2024-11-05 12:10:41,Fear,0.8131938576698303,
2024-11-05 12:10:41,Fear,0.894481360912323,
2024-11-05 12:10:42,Fear,0.8871232271194458,
2024-11-05 12:10:42,Fear,0.8919824361801147,
2024-11-05 12:10:43,Fear,0.8390394449234009,
2024-11-05 12:10:44,Fear,0.8432266712188721,
2024-11-05 12:10:44,Fear,0.8012325763702393,
2024-11-05 12:10:45,Fear,0.8104968070983887,
2024-11-05 12:10:45,Fear,0.8328024744987488,
2024-11-05 12:10:46,Fear,0.8597466945648193,
2024-11-05 12:10:46,Fear,0.6858545541763306,
2024-11-05 12:10:47,Fear,0.3007508218288421,
2024-11-05 12:10:47,Neutral,0.0,
2024-11-05 12:10:48,Sad,0.3264743685722351,
2024-11-05 12:10:48,Neutral,0.0,
2024-11-05 12:10:48,Neutral,0.0,
2024-11-05 12:10:49,Neutral,0.0,
2024-11-05 12:10:49,Neutral,0.0,
2024-11-05 12:10:49,Neutral,0.0,
2024-11-05 12:10:50,Neutral,0.0,
2024-11-05 12:10:50,Neutral,0.0,
2024-11-05 12:10:50,Neutral,0.0,
2024-11-05 12:10:51,Neutral,0.0,
2024-11-05 12:10:51,Neutral,0.0,
2024-11-05 12:10:51,Neutral,0.0,
2024-11-05 12:10:51,Neutral,0.0,
2024-11-05 12:10:52,Neutral,0.0,
2024-11-05 12:10:52,Neutral,0.0,
2024-11-05 12:10:52,Neutral,0.0,
2024-11-05 12:10:53,Neutral,0.0,
2024-11-05 12:10:53,Neutral,0.0,
2024-11-05 12:10:53,Neutral,0.0,
2024-11-05 12:10:53,Neutral,0.0,
2024-11-05 12:10:53,Neutral,0.0,
2024-11-05 12:10:54,Neutral,0.0,
2024-11-05 12:10:54,Neutral,0.0,
2024-11-05 12:10:54,Neutral,0.0,
2024-11-05 12:10:54,Neutral,0.0,
2024-11-05 12:10:54,Neutral,0.0,
2024-11-05 12:10:55,Neutral,0.0,
2024-11-05 12:10:55,Neutral,0.0,
2024-11-05 12:10:55,Neutral,0.0,
2024-11-05 12:10:55,Neutral,0.0,
2024-11-05 12:10:55,Neutral,0.0,
2024-11-05 12:10:56,Neutral,0.0,
2024-11-05 12:10:56,Neutral,0.0,
2024-11-05 12:10:56,Neutral,0.0,
2024-11-05 12:10:56,Neutral,0.0,
2024-11-05 12:10:56,Neutral,0.0,
2024-11-05 12:10:57,Neutral,0.0,
2024-11-05 12:10:57,Neutral,0.0,
2024-11-05 12:10:57,Neutral,0.0,
2024-11-05 12:10:57,Neutral,0.0,
2024-11-05 12:10:58,Neutral,0.0,
2024-11-05 12:10:58,Neutral,0.0,
2024-11-05 12:10:58,Neutral,0.0,
2024-11-05 12:10:58,Neutral,0.0,
2024-11-05 12:16:05,Neutral,0.0,
2024-11-05 12:16:05,Neutral,0.0,
2024-11-05 12:16:05,Neutral,0.0,
2024-11-05 12:16:05,Neutral,0.0,
2024-11-05 12:16:06,Neutral,0.0,
2024-11-05 12:16:06,Neutral,0.0,
2024-11-05 12:16:06,Neutral,0.0,
2024-11-05 12:16:06,Neutral,0.0,
2024-11-05 12:16:06,Neutral,0.0,
2024-11-05 12:16:07,Neutral,0.0,
2024-11-05 12:16:07,Neutral,0.0,
2024-11-05 12:16:07,Neutral,0.0,
2024-11-05 12:16:07,Neutral,0.0,
2024-11-05 12:16:07,Neutral,0.0,
2024-11-05 12:16:07,Neutral,0.0,
2024-11-05 12:16:08,Neutral,0.0,
2024-11-05 12:16:08,Neutral,0.0,
2024-11-05 12:16:08,Neutral,0.0,
2024-11-05 12:16:08,Neutral,0.0,
2024-11-05 12:16:08,Neutral,0.0,
2024-11-05 12:16:09,Neutral,0.0,
2024-11-05 12:16:09,Neutral,0.0,
2024-11-05 12:16:09,Neutral,0.0,
2024-11-05 12:16:10,Fear,0.5605603456497192,
2024-11-05 12:16:10,Neutral,0.0,
2024-11-05 12:16:11,Neutral,0.0,
2024-11-05 12:16:11,Neutral,0.0,
2024-11-05 12:16:12,Fear,0.5925989151000977,
2024-11-05 12:16:12,Neutral,0.0,
2024-11-05 12:16:12,Neutral,0.0,
2024-11-05 12:16:13,Sad,0.4244872033596039,
2024-11-05 12:16:13,Neutral,0.0,
2024-11-05 12:16:13,Neutral,0.0,
2024-11-05 12:16:14,Neutral,0.0,
2024-11-05 12:16:14,Neutral,0.0,
2024-11-05 12:16:14,Neutral,0.0,
2024-11-05 12:16:14,Neutral,0.0,
2024-11-05 12:16:14,Neutral,0.0,
2024-11-05 12:16:15,Neutral,0.0,
2024-11-05 12:16:15,Neutral,0.0,
2024-11-05 12:16:15,Neutral,0.0,
2024-11-05 12:16:15,Neutral,0.0,
2024-11-05 12:16:15,Neutral,0.0,
2024-11-05 12:16:15,Neutral,0.0,
2024-11-05 12:16:16,Neutral,0.0,
2024-11-05 12:16:16,Neutral,0.0,
2024-11-05 12:16:16,Neutral,0.0,
2024-11-05 12:16:16,Neutral,0.0,
2024-11-05 12:16:16,Neutral,0.0,
2024-11-05 12:16:16,Neutral,0.0,
2024-11-05 12:16:17,Neutral,0.0,
2024-11-05 12:16:17,Neutral,0.0,
2024-11-05 12:16:17,Neutral,0.0,
2024-11-05 12:16:17,Neutral,0.0,
2024-11-05 12:16:18,Neutral,0.0,
2024-11-05 12:16:18,Happy,0.5423769950866699,
2024-11-05 12:16:18,Happy,0.6433109641075134,
2024-11-05 12:16:19,Happy,0.6396186947822571,
2024-11-05 12:16:19,Neutral,0.0,
2024-11-05 12:16:19,Neutral,0.0,
2024-11-05 12:16:19,Neutral,0.0,
2024-11-05 12:16:20,Sad,0.4379897713661194,
2024-11-05 12:16:20,Neutral,0.0,
2024-11-05 12:16:20,Neutral,0.0,
2024-11-05 12:16:21,Fear,0.4421540200710296,
2024-11-05 12:16:21,Neutral,0.0,
2024-11-05 12:16:21,Neutral,0.0,
2024-11-05 12:16:22,Neutral,0.0,
2024-11-05 12:16:22,Neutral,0.0,
2024-11-05 12:16:22,Neutral,0.0,
2024-11-05 12:16:22,Neutral,0.0,
2024-11-05 12:16:22,Neutral,0.0,
2024-11-05 12:16:23,Neutral,0.0,
2024-11-05 12:16:23,Neutral,0.0,
2024-11-05 12:16:23,Neutral,0.0,
2024-11-05 12:16:23,Neutral,0.0,
2024-11-05 12:16:23,Neutral,0.0,
2024-11-05 12:16:24,Neutral,0.0,
2024-11-05 12:16:24,Neutral,0.0,
2024-11-05 12:16:24,Neutral,0.0,
2024-11-05 12:16:24,Neutral,0.0,
2024-11-05 12:16:24,Neutral,0.0,
2024-11-05 12:16:25,Neutral,0.0,
2024-11-05 12:16:25,Neutral,0.0,
2024-11-05 12:16:25,Neutral,0.0,
2024-11-05 12:16:25,Neutral,0.0,
2024-11-05 12:16:25,Neutral,0.0,
2024-11-05 12:16:26,Neutral,0.0,
2024-11-05 12:16:26,Neutral,0.0,
2024-11-05 12:16:27,Neutral,0.0,
2024-11-05 12:16:27,Neutral,0.0,
2024-11-05 12:16:27,Fear,0.5609787702560425,
2024-11-05 12:16:28,Neutral,0.4421256780624389,
2024-11-05 12:16:29,Fear,0.4903086423873901,
2024-11-05 12:16:29,Fear,0.4635149836540222,
2024-11-05 12:16:30,Sad,0.5575990080833435,
2024-11-05 12:16:30,Neutral,0.0,
2024-11-05 12:16:31,Neutral,0.0,
2024-11-05 12:16:31,Neutral,0.0,
2024-11-05 12:16:31,Neutral,0.0,
2024-11-05 12:16:32,Neutral,0.0,
2024-11-05 12:16:32,Neutral,0.0,
2024-11-05 12:16:32,Neutral,0.0,
2024-11-05 12:16:33,Neutral,0.0,
2024-11-05 12:16:33,Neutral,0.0,
2024-11-05 12:16:33,Neutral,0.0,
2024-11-05 12:16:34,Neutral,0.0,
2024-11-05 12:16:34,Neutral,0.0,
2024-11-05 12:16:34,Neutral,0.0,
2024-11-05 12:16:35,Neutral,0.0,
2024-11-05 12:16:35,Neutral,0.0,
2024-11-05 12:16:35,Neutral,0.0,
2024-11-05 12:16:35,Neutral,0.0,
2024-11-05 12:16:36,Neutral,0.0,
2024-11-05 12:16:36,Neutral,0.0,
2024-11-05 12:16:37,Neutral,0.0,
2024-11-05 12:16:37,Neutral,0.0,
2024-11-05 12:16:37,Neutral,0.0,
2024-11-05 12:16:38,Neutral,0.0,
2024-11-05 12:16:38,Neutral,0.0,
2024-11-05 12:16:38,Neutral,0.0,
2024-11-05 12:16:39,Neutral,0.0,
2024-11-05 12:16:39,Neutral,0.0,
2024-11-05 12:16:39,Neutral,0.0,
2024-11-05 12:16:40,Neutral,0.0,
2024-11-05 12:16:40,Neutral,0.0,
2024-11-05 12:16:40,Neutral,0.0,
2024-11-05 12:16:40,Neutral,0.0,
2024-11-05 12:16:41,Neutral,0.0,
2024-11-05 12:16:41,Neutral,0.0,
2024-11-05 12:16:41,Neutral,0.0,
2024-11-05 12:16:42,Neutral,0.0,
2024-11-05 12:16:42,Neutral,0.0,
2024-11-05 12:16:42,Neutral,0.0,
2024-11-05 12:16:42,Neutral,0.0,
2024-11-05 12:16:43,Neutral,0.0,
2024-11-05 12:16:43,Neutral,0.0,
2024-11-05 12:16:43,Neutral,0.0,
2024-11-05 12:16:44,Neutral,0.0,
2024-11-05 12:16:44,Neutral,0.0,
2024-11-05 12:16:44,Neutral,0.0,
2024-11-05 12:16:45,Neutral,0.0,
2024-11-05 12:16:45,Neutral,0.0,
2024-11-05 12:16:45,Neutral,0.0,
2024-11-05 12:16:46,Neutral,0.0,
2024-11-05 12:16:46,Neutral,0.0,
2024-11-05 12:16:46,Neutral,0.0,
2024-11-05 12:16:47,Neutral,0.0,
2024-11-05 12:16:47,Neutral,0.0,
2024-11-05 12:16:47,Neutral,0.0,
2024-11-05 12:16:47,Neutral,0.0,
2024-11-05 12:16:48,Neutral,0.0,
2024-11-05 12:16:48,Neutral,0.0,
2024-11-05 12:16:48,Neutral,0.0,
2024-11-05 12:16:49,Neutral,0.0,
2024-11-05 12:16:49,Neutral,0.0,
2024-11-05 12:16:49,Neutral,0.0,
2024-11-05 12:16:50,Neutral,0.0,
2024-11-05 12:16:50,Neutral,0.0,
2024-11-05 12:16:50,Neutral,0.0,
2024-11-05 12:16:51,Neutral,0.0,
2024-11-05 12:16:51,Neutral,0.0,
2024-11-05 12:16:52,Neutral,0.0,
2024-11-05 12:16:52,Neutral,0.0,
2024-11-05 12:16:52,Neutral,0.0,
2024-11-05 12:16:53,Neutral,0.0,
2024-11-05 12:16:53,Neutral,0.0,
2024-11-05 12:16:53,Neutral,0.0,
2024-11-05 12:16:54,Neutral,0.0,
2024-11-05 12:16:54,Neutral,0.0,
2024-11-05 12:16:54,Neutral,0.0,
2024-11-05 12:16:55,Neutral,0.0,
2024-11-05 12:16:55,Neutral,0.0,
2024-11-05 12:16:55,Neutral,0.0,
2024-11-05 12:16:56,Neutral,0.0,
2024-11-05 12:16:56,Neutral,0.0,
2024-11-05 12:16:56,Neutral,0.0,
2024-11-05 12:16:56,Neutral,0.0,
2024-11-05 12:16:57,Neutral,0.0,
2024-11-05 12:16:57,Neutral,0.0,
2024-11-05 12:16:57,Neutral,0.0,
2024-11-05 12:16:58,Neutral,0.0,
2024-11-05 12:16:58,Neutral,0.0,
2024-11-05 12:16:58,Neutral,0.0,
2024-11-05 12:16:58,Neutral,0.0,
2024-11-05 12:16:59,Neutral,0.0,
2024-11-05 12:16:59,Neutral,0.0,
2024-11-05 12:16:59,Neutral,0.0,
2024-11-05 12:17:00,Neutral,0.0,
2024-11-05 12:17:00,Neutral,0.0,
2024-11-05 12:17:00,Neutral,0.0,
2024-11-05 12:17:00,Neutral,0.0,
2024-11-05 12:17:01,Neutral,0.0,
2024-11-05 12:17:01,Neutral,0.0,
2024-11-05 12:17:01,Neutral,0.0,
2024-11-05 12:17:02,Neutral,0.0,
2024-11-05 12:17:02,Neutral,0.0,
2024-11-05 12:17:02,Neutral,0.0,
2024-11-05 12:17:02,Neutral,0.0,
2024-11-05 12:17:03,Neutral,0.0,
2024-11-05 12:17:03,Neutral,0.0,
2024-11-05 12:17:03,Neutral,0.0,
2024-11-05 12:17:04,Neutral,0.0,
2024-11-05 12:17:04,Neutral,0.0,
2024-11-05 12:17:04,Neutral,0.0,
2024-11-05 12:17:04,Neutral,0.0,
2024-11-05 12:17:05,Neutral,0.0,
2024-11-05 12:17:05,Neutral,0.0,
2024-11-05 12:17:05,Neutral,0.0,
2024-11-05 12:17:06,Neutral,0.0,
2024-11-05 12:17:06,Neutral,0.0,
2024-11-05 12:17:06,Neutral,0.0,
2024-11-05 12:17:07,Neutral,0.0,
2024-11-05 12:17:07,Neutral,0.0,
2024-11-05 12:17:07,Neutral,0.0,
2024-11-05 12:17:07,Neutral,0.0,
2024-11-05 12:17:08,Neutral,0.0,
2024-11-05 12:17:08,Neutral,0.0,
2024-11-05 12:17:08,Neutral,0.0,
2024-11-05 12:17:09,Neutral,0.0,
2024-11-05 12:17:09,Neutral,0.0,
2024-11-05 12:17:09,Neutral,0.0,
2024-11-05 12:17:09,Neutral,0.0,
2024-11-05 12:17:10,Neutral,0.0,
2024-11-05 12:17:10,Neutral,0.0,
2024-11-05 12:17:10,Neutral,0.0,
2024-11-05 12:17:10,Neutral,0.0,
2024-11-05 12:17:11,Neutral,0.0,
2024-11-05 12:17:11,Neutral,0.0,
2024-11-05 12:17:11,Neutral,0.0,
2024-11-05 12:17:11,Neutral,0.0,
2024-11-05 12:17:12,Neutral,0.0,
2024-11-05 12:17:12,Neutral,0.0,
2024-11-05 12:17:12,Neutral,0.0,
2024-11-05 12:17:12,Neutral,0.0,
2024-11-05 12:17:12,Neutral,0.0,
2024-11-05 12:17:13,Neutral,0.0,
2024-11-05 12:17:13,Neutral,0.0,
2024-11-05 12:17:13,Neutral,0.0,
2024-11-05 12:17:14,Fear,0.3887689113616943,
2024-11-05 12:17:14,Neutral,0.0,
2024-11-05 12:17:14,Neutral,0.0,
2024-11-05 12:17:15,Neutral,0.0,
2024-11-05 12:17:15,Neutral,0.0,
2024-11-05 12:17:15,Neutral,0.0,
2024-11-05 12:17:15,Neutral,0.0,
2024-11-05 12:17:16,Neutral,0.0,
2024-11-05 12:17:16,Neutral,0.0,
2024-11-05 12:17:16,Neutral,0.0,
2024-11-05 12:17:16,Neutral,0.0,
2024-11-05 12:17:17,Neutral,0.0,
2024-11-05 12:17:17,Neutral,0.0,
2024-11-05 12:17:17,Neutral,0.0,
2024-11-05 12:17:17,Neutral,0.0,
2024-11-05 12:17:18,Neutral,0.0,
2024-11-05 12:17:18,Neutral,0.0,
2024-11-05 12:17:18,Neutral,0.0,
2024-11-05 12:17:19,Neutral,0.0,
2024-11-05 12:17:19,Neutral,0.0,
2024-11-05 12:17:19,Neutral,0.0,
2024-11-05 12:17:19,Neutral,0.0,
2024-11-05 12:17:20,Neutral,0.0,
2024-11-05 12:17:20,Neutral,0.0,
2024-11-05 12:17:20,Neutral,0.0,
2024-11-05 12:17:20,Neutral,0.0,
2024-11-05 12:17:21,Neutral,0.0,
2024-11-05 12:17:21,Neutral,0.0,
2024-11-05 12:17:21,Neutral,0.0,
2024-11-05 12:17:22,Neutral,0.0,
2024-11-05 12:17:22,Neutral,0.0,
2024-11-05 12:17:23,Neutral,0.0,
2024-11-05 12:17:23,Neutral,0.0,
2024-11-05 12:17:23,Neutral,0.0,
2024-11-05 12:17:24,Neutral,0.0,
2024-11-05 12:17:24,Neutral,0.0,
2024-11-05 12:17:25,Neutral,0.0,
2024-11-05 12:17:25,Neutral,0.0,
2024-11-05 12:17:25,Neutral,0.0,
2024-11-05 12:17:25,Neutral,0.0,
2024-11-05 12:17:26,Neutral,0.0,
2024-11-05 12:17:26,Neutral,0.0,
2024-11-05 12:17:26,Neutral,0.0,
2024-11-05 12:17:27,Neutral,0.0,
2024-11-05 12:17:27,Neutral,0.0,
2024-11-05 12:17:27,Neutral,0.0,
2024-11-05 12:17:28,Neutral,0.0,
2024-11-05 12:17:28,Neutral,0.0,
2024-11-05 12:17:28,Neutral,0.0,
2024-11-05 12:17:28,Neutral,0.0,
2024-11-05 12:17:29,Neutral,0.0,
2024-11-05 12:17:29,Neutral,0.0,
2024-11-05 12:17:29,Neutral,0.0,
2024-11-05 12:17:30,Neutral,0.0,
2024-11-05 12:17:30,Neutral,0.0,
2024-11-05 12:17:30,Neutral,0.0,
2024-11-05 12:17:30,Neutral,0.0,
2024-11-05 12:17:31,Neutral,0.0,
2024-11-05 12:17:31,Neutral,0.0,
2024-11-05 12:17:31,Neutral,0.0,
2024-11-05 12:17:32,Neutral,0.0,
2024-11-05 12:17:32,Neutral,0.0,
2024-11-05 12:17:32,Neutral,0.0,
2024-11-05 12:17:32,Neutral,0.0,
2024-11-05 12:17:33,Neutral,0.0,
2024-11-05 12:17:33,Neutral,0.0,
2024-11-05 12:17:33,Neutral,0.0,
2024-11-05 12:17:34,Neutral,0.0,
2024-11-05 12:17:34,Neutral,0.0,
2024-11-05 12:17:34,Neutral,0.0,
2024-11-05 12:17:35,Neutral,0.0,
2024-11-05 12:17:35,Neutral,0.0,
2024-11-05 12:17:35,Neutral,0.0,
2024-11-05 12:17:36,Neutral,0.0,
2024-11-05 12:17:36,Neutral,0.0,
2024-11-05 12:17:36,Neutral,0.0,
2024-11-05 12:17:36,Neutral,0.0,
2024-11-05 12:17:37,Neutral,0.0,
2024-11-05 12:17:37,Neutral,0.0,
2024-11-05 12:17:37,Neutral,0.0,
2024-11-05 12:17:37,Neutral,0.0,
2024-11-05 12:17:38,Neutral,0.0,
2024-11-05 12:17:38,Neutral,0.0,
2024-11-05 12:17:38,Neutral,0.0,
2024-11-05 12:17:39,Neutral,0.0,
2024-11-05 12:17:39,Neutral,0.0,
2024-11-05 12:17:39,Neutral,0.0,
2024-11-05 12:17:40,Neutral,0.0,
2024-11-05 12:17:40,Neutral,0.0,
2024-11-05 12:17:40,Neutral,0.0,
2024-11-05 12:17:40,Neutral,0.0,
2024-11-05 12:17:41,Neutral,0.0,
2024-11-05 12:17:41,Neutral,0.0,
2024-11-05 12:17:41,Neutral,0.0,
2024-11-05 12:17:41,Neutral,0.0,
2024-11-05 12:17:42,Neutral,0.0,
2024-11-05 12:17:42,Neutral,0.0,
2024-11-05 12:17:42,Neutral,0.0,
2024-11-05 12:17:42,Neutral,0.0,
2024-11-05 12:17:43,Neutral,0.0,
2024-11-05 12:17:43,Neutral,0.0,
2024-11-05 12:17:43,Neutral,0.0,
2024-11-05 12:17:43,Neutral,0.0,
2024-11-05 12:17:44,Neutral,0.0,
2024-11-05 12:17:44,Neutral,0.0,
2024-11-05 12:17:44,Neutral,0.0,
2024-11-05 12:17:45,Neutral,0.0,
2024-11-05 12:17:45,Neutral,0.0,
2024-11-05 12:17:45,Neutral,0.0,
2024-11-05 12:17:45,Neutral,0.0,
2024-11-05 12:17:46,Neutral,0.0,
2024-11-05 12:17:46,Neutral,0.0,
2024-11-05 12:17:46,Neutral,0.0,
2024-11-05 12:17:46,Neutral,0.0,
2024-11-05 12:17:47,Neutral,0.0,
2024-11-05 12:17:47,Neutral,0.0,
2024-11-05 12:17:47,Neutral,0.0,
2024-11-05 12:17:47,Neutral,0.0,
2024-11-05 12:17:48,Neutral,0.0,
2024-11-05 12:17:48,Neutral,0.0,
2024-11-05 12:17:48,Neutral,0.0,
2024-11-05 12:17:48,Neutral,0.0,
2024-11-05 12:17:49,Neutral,0.0,
2024-11-05 12:17:49,Neutral,0.0,
2024-11-05 12:17:49,Neutral,0.0,
2024-11-05 12:17:49,Neutral,0.0,
2024-11-05 12:17:50,Neutral,0.0,
2024-11-05 12:17:50,Neutral,0.0,
2024-11-05 12:17:50,Neutral,0.0,
2024-11-05 12:17:50,Neutral,0.0,
2024-11-05 12:17:51,Neutral,0.0,
2024-11-05 12:17:51,Neutral,0.0,
2024-11-05 12:17:51,Neutral,0.0,
2024-11-05 12:17:51,Neutral,0.0,
2024-11-05 12:17:51,Neutral,0.0,
2024-11-05 12:17:52,Neutral,0.0,
2024-11-05 12:17:52,Neutral,0.0,
2024-11-05 12:17:52,Neutral,0.0,
2024-11-05 12:17:52,Neutral,0.0,
2024-11-05 12:17:52,Neutral,0.0,
2024-11-05 12:17:53,Neutral,0.0,
2024-11-05 12:17:53,Neutral,0.0,
2024-11-05 12:17:53,Neutral,0.0,
2024-11-05 12:17:53,Neutral,0.0,
2024-11-05 12:17:54,Neutral,0.0,
2024-11-05 12:17:54,Neutral,0.0,
2024-11-05 12:17:54,Neutral,0.0,
2024-11-05 12:17:54,Neutral,0.0,
2024-11-05 12:17:54,Neutral,0.0,
2024-11-05 12:17:55,Neutral,0.0,
2024-11-05 12:17:55,Neutral,0.0,
2024-11-05 12:17:55,Neutral,0.0,
2024-11-05 12:17:55,Neutral,0.0,
2024-11-05 12:17:56,Neutral,0.0,
2024-11-05 12:17:56,Neutral,0.0,
2024-11-05 12:17:56,Neutral,0.0,
2024-11-05 12:17:56,Neutral,0.0,
2024-11-05 12:17:56,Neutral,0.0,
2024-11-05 12:17:57,Neutral,0.0,
2024-11-05 12:17:57,Neutral,0.0,
2024-11-05 12:17:57,Neutral,0.0,
2024-11-05 12:17:58,Neutral,0.0,
2024-11-05 12:17:58,Neutral,0.0,
2024-11-05 12:17:58,Neutral,0.0,
2024-11-05 12:17:58,Neutral,0.0,
2024-11-05 12:17:59,Neutral,0.0,
2024-11-05 12:17:59,Neutral,0.0,
2024-11-05 12:17:59,Neutral,0.0,
2024-11-05 12:17:59,Neutral,0.0,
2024-11-05 12:17:59,Neutral,0.0,
2024-11-05 12:17:59,Neutral,0.0,
2024-11-05 12:18:00,Neutral,0.0,
2024-11-05 12:18:00,Neutral,0.0,
2024-11-05 12:18:00,Neutral,0.0,
2024-11-05 12:18:00,Neutral,0.0,
2024-11-05 12:18:01,Neutral,0.0,
2024-11-05 12:18:01,Neutral,0.0,
2024-11-05 12:18:01,Neutral,0.0,
2024-11-05 12:18:01,Neutral,0.0,
2024-11-05 12:18:02,Neutral,0.0,
2024-11-05 12:18:02,Neutral,0.0,
2024-11-05 12:18:02,Neutral,0.0,
2024-11-05 12:18:03,Neutral,0.0,
2024-11-05 12:18:03,Neutral,0.0,
2024-11-05 12:18:03,Neutral,0.0,
2024-11-05 12:18:03,Neutral,0.0,
2024-11-05 12:18:04,Neutral,0.0,
2024-11-05 12:18:04,Neutral,0.0,
2024-11-05 12:18:04,Neutral,0.0,
2024-11-05 12:18:04,Neutral,0.0,
2024-11-05 12:18:05,Neutral,0.0,
2024-11-05 12:18:05,Neutral,0.0,
2024-11-05 12:18:06,Neutral,0.0,
2024-11-05 12:18:06,Neutral,0.0,
2024-11-05 12:18:06,Neutral,0.0,
2024-11-05 12:18:06,Neutral,0.0,
2024-11-05 12:18:06,Neutral,0.0,
2024-11-05 12:18:07,Neutral,0.0,
2024-11-05 12:18:07,Neutral,0.0,
2024-11-05 12:18:07,Neutral,0.0,
2024-11-05 12:18:07,Neutral,0.0,
2024-11-05 12:18:08,Neutral,0.0,
2024-11-05 12:18:08,Neutral,0.0,
2024-11-05 12:18:08,Neutral,0.0,
2024-11-05 12:18:08,Neutral,0.0,
2024-11-05 12:18:08,Neutral,0.0,
2024-11-05 12:18:09,Neutral,0.0,
2024-11-05 12:18:09,Neutral,0.0,
2024-11-05 12:18:09,Neutral,0.0,
2024-11-05 12:18:10,Neutral,0.0,
2024-11-05 12:18:10,Neutral,0.0,
2024-11-05 12:18:10,Neutral,0.0,
2024-11-05 12:18:10,Neutral,0.0,
2024-11-05 12:18:11,Neutral,0.0,
2024-11-05 12:18:11,Neutral,0.0,
2024-11-05 12:18:11,Neutral,0.0,
2024-11-05 12:18:11,Neutral,0.0,
2024-11-05 12:18:11,Neutral,0.0,
2024-11-05 12:18:12,Neutral,0.0,
2024-11-05 12:18:12,Neutral,0.0,
2024-11-05 12:18:12,Neutral,0.0,
2024-11-05 12:18:12,Neutral,0.0,
2024-11-05 12:18:13,Neutral,0.0,
2024-11-05 12:18:13,Neutral,0.0,
2024-11-05 12:18:13,Neutral,0.0,
2024-11-05 12:18:13,Neutral,0.0,
2024-11-05 12:18:13,Neutral,0.0,
2024-11-05 12:18:14,Sad,0.5473715662956238,
2024-11-05 12:18:14,Fear,0.461365669965744,
2024-11-05 12:18:15,Sad,0.4737379252910614,
2024-11-05 12:18:15,Fear,0.4371563494205475,
2024-11-05 12:18:16,Sad,0.3163945972919464,
2024-11-05 12:18:16,Sad,0.3811832666397095,
2024-11-05 12:18:17,Sad,0.3885912895202636,
2024-11-05 12:18:17,Fear,0.3767101764678955,
2024-11-05 12:18:18,Fear,0.3512403666973114,
2024-11-05 12:18:18,Neutral,0.0,
2024-11-05 12:18:18,Neutral,0.0,
2024-11-05 12:18:18,Sad,0.3016895949840545,
2024-11-05 12:18:19,Neutral,0.0,
2024-11-05 12:18:19,Sad,0.4128177165985107,
2024-11-05 12:18:20,Sad,0.3573930561542511,
2024-11-05 12:18:20,Fear,0.3687392473220825,
2024-11-05 12:18:21,Sad,0.3914503753185272,
2024-11-05 12:18:21,Sad,0.3814448714256286,
2024-11-05 12:18:21,Neutral,0.0,
2024-11-05 12:18:22,Sad,0.5211617350578308,
2024-11-05 12:18:22,Sad,0.5175808072090149,
2024-11-05 12:18:23,Neutral,0.0,
2024-11-05 12:18:23,Neutral,0.0,
2024-11-05 12:18:23,Neutral,0.0,
2024-11-05 12:18:23,Neutral,0.0,
2024-11-05 12:18:24,Neutral,0.0,
2024-11-05 12:18:24,Neutral,0.0,
2024-11-05 12:18:24,Sad,0.4005514085292816,
2024-11-05 12:18:25,Neutral,0.0,
2024-11-05 12:18:25,Fear,0.3940827846527099,
2024-11-05 12:18:26,Sad,0.3949736058712005,
2024-11-05 12:18:26,Sad,0.4426596164703369,
2024-11-05 12:18:27,Sad,0.4018460214138031,
2024-11-05 12:18:27,Sad,0.359794408082962,
2024-11-05 12:18:28,Fear,0.3858954906463623,
2024-11-05 12:18:28,Sad,0.3586103618144989,
2024-11-05 12:18:28,Sad,0.3968384563922882,
2024-11-05 12:18:29,Sad,0.4426478445529938,
2024-11-05 12:18:29,Fear,0.3953150510787964,
2024-11-05 12:18:30,Fear,0.3631456196308136,
2024-11-05 12:18:31,Sad,0.5204780101776123,
2024-11-05 12:18:31,Neutral,0.0,
2024-11-05 12:18:31,Neutral,0.0,
2024-11-05 12:18:31,Neutral,0.0,
2024-11-05 12:18:32,Neutral,0.0,
2024-11-05 12:18:32,Neutral,0.0,
2024-11-05 12:18:32,Neutral,0.0,
2024-11-05 12:18:32,Neutral,0.0,
2024-11-05 12:18:33,Neutral,0.0,
2024-11-05 12:18:33,Neutral,0.0,
2024-11-05 12:18:33,Neutral,0.0,
2024-11-05 12:18:33,Neutral,0.0,
2024-11-05 12:18:34,Neutral,0.0,
2024-11-05 12:18:34,Neutral,0.0,
2024-11-05 12:18:34,Neutral,0.0,
2024-11-05 12:18:34,Neutral,0.0,
2024-11-05 12:18:35,Neutral,0.0,
2024-11-05 12:18:35,Sad,0.3881321847438812,
2024-11-05 12:18:35,Neutral,0.0,
2024-11-05 12:18:36,Sad,0.3674664497375488,
2024-11-05 12:18:36,Fear,0.4166738390922546,
2024-11-05 12:18:37,Sad,0.4533125758171081,
2024-11-05 12:18:37,Fear,0.3959251642227173,
2024-11-05 12:18:38,Fear,0.4885122776031494,
2024-11-05 12:18:39,Sad,0.3752893209457397,
2024-11-05 12:18:39,Fear,0.4062403440475464,
2024-11-05 12:18:39,Neutral,0.0,
2024-11-05 12:18:40,Fear,0.4909827411174774,
2024-11-05 12:18:40,Sad,0.4007451832294464,
2024-11-05 12:18:41,Neutral,0.0,
2024-11-05 12:18:41,Fear,0.6142369508743286,
2024-11-05 12:18:42,Neutral,0.0,
2024-11-05 12:18:42,Neutral,0.0,
2024-11-05 12:18:42,Neutral,0.0,
2024-11-05 12:18:42,Neutral,0.0,
2024-11-05 12:18:43,Neutral,0.0,
2024-11-05 12:18:43,Neutral,0.0,
2024-11-05 12:18:43,Fear,0.5267057418823242,
2024-11-05 12:18:44,Sad,0.3417407274246216,
2024-11-05 12:18:44,Sad,0.3423553705215454,
2024-11-05 12:18:45,Sad,0.6085497140884399,
2024-11-05 12:18:45,Neutral,0.0,
2024-11-05 12:18:46,Neutral,0.0,
2024-11-05 12:18:46,Neutral,0.0,
2024-11-05 12:18:46,Neutral,0.0,
2024-11-05 12:18:46,Neutral,0.0,
2024-11-05 12:18:47,Neutral,0.0,
2024-11-05 12:18:47,Neutral,0.0,
2024-11-05 12:18:47,Neutral,0.0,
2024-11-05 12:18:47,Neutral,0.0,
2024-11-05 12:18:48,Neutral,0.0,
2024-11-05 12:18:48,Neutral,0.0,
2024-11-05 12:18:48,Neutral,0.0,
2024-11-05 12:18:48,Neutral,0.0,
2024-11-05 12:18:49,Neutral,0.0,
2024-11-05 12:18:49,Neutral,0.0,
2024-11-05 12:18:49,Neutral,0.0,
2024-11-05 12:18:49,Neutral,0.0,
2024-11-05 12:18:49,Neutral,0.0,
2024-11-05 12:18:50,Neutral,0.0,
2024-11-05 12:18:50,Neutral,0.0,
2024-11-05 12:18:50,Neutral,0.0,
2024-11-05 12:18:50,Neutral,0.0,
2024-11-05 12:18:50,Neutral,0.0,
2024-11-05 12:18:51,Neutral,0.0,
2024-11-05 12:18:51,Neutral,0.0,
2024-11-05 12:18:51,Neutral,0.0,
2024-11-05 12:18:51,Neutral,0.0,
2024-11-05 12:18:52,Neutral,0.0,
2024-11-05 12:18:52,Neutral,0.0,
2024-11-05 12:18:52,Neutral,0.0,
2024-11-05 12:18:52,Neutral,0.0,
2024-11-05 12:18:53,Neutral,0.0,
2024-11-05 12:18:53,Neutral,0.0,
2024-11-05 12:18:53,Neutral,0.0,
2024-11-05 12:18:53,Neutral,0.0,
2024-11-05 12:18:53,Neutral,0.0,
2024-11-05 12:18:54,Neutral,0.0,
2024-11-05 12:18:54,Neutral,0.0,
2024-11-05 12:18:54,Neutral,0.0,
2024-11-05 12:18:55,Neutral,0.0,
2024-11-05 12:18:55,Fear,0.5526699423789978,
2024-11-05 12:18:55,Neutral,0.0,
2024-11-05 12:18:56,Neutral,0.0,
2024-11-05 12:18:56,Neutral,0.0,
2024-11-05 12:18:56,Neutral,0.0,
2024-11-05 12:18:56,Neutral,0.0,
2024-11-05 12:18:57,Neutral,0.0,
2024-11-05 12:18:57,Neutral,0.0,
2024-11-05 12:18:57,Neutral,0.0,
2024-11-05 12:18:58,Neutral,0.0,
2024-11-05 12:18:58,Neutral,0.0,
2024-11-05 12:18:58,Neutral,0.0,
2024-11-05 12:18:59,Neutral,0.0,
2024-11-05 12:18:59,Neutral,0.0,
2024-11-05 12:18:59,Neutral,0.0,
2024-11-05 12:18:59,Neutral,0.0,
2024-11-05 12:19:00,Neutral,0.0,
2024-11-05 12:19:00,Neutral,0.0,
2024-11-05 12:19:00,Neutral,0.0,
2024-11-05 12:19:00,Neutral,0.0,
2024-11-05 12:19:01,Neutral,0.0,
2024-11-05 12:19:01,Neutral,0.0,
2024-11-05 12:19:02,Fear,0.5372456312179565,
2024-11-05 12:19:02,Neutral,0.0,
2024-11-05 12:19:02,Neutral,0.0,
2024-11-05 12:19:02,Neutral,0.0,
2024-11-05 12:19:03,Neutral,0.0,
2024-11-05 12:19:03,Neutral,0.0,
2024-11-05 12:19:03,Neutral,0.0,
2024-11-05 12:19:03,Neutral,0.0,
2024-11-05 12:19:04,Neutral,0.0,
2024-11-05 12:19:04,Neutral,0.0,
2024-11-05 12:19:04,Neutral,0.0,
2024-11-05 12:19:05,Neutral,0.0,
2024-11-05 12:19:05,Neutral,0.0,
2024-11-05 12:19:05,Neutral,0.0,
2024-11-05 12:19:05,Neutral,0.0,
2024-11-05 12:19:06,Neutral,0.0,
2024-11-05 12:19:06,Neutral,0.0,
2024-11-05 12:19:06,Neutral,0.0,
2024-11-05 12:19:06,Neutral,0.0,
2024-11-05 12:19:07,Neutral,0.0,
2024-11-05 12:19:07,Neutral,0.0,
2024-11-05 12:19:07,Neutral,0.0,
2024-11-05 12:19:08,Neutral,0.0,
2024-11-05 12:19:08,Neutral,0.0,
2024-11-05 12:19:08,Neutral,0.0,
2024-11-05 12:19:08,Neutral,0.0,
2024-11-05 12:19:08,Neutral,0.0,
2024-11-05 12:19:09,Neutral,0.0,
2024-11-05 12:19:09,Neutral,0.0,
2024-11-05 12:19:09,Neutral,0.0,
2024-11-05 12:19:09,Neutral,0.0,
2024-11-05 12:19:10,Neutral,0.0,
2024-11-05 12:19:10,Neutral,0.0,
2024-11-05 12:19:10,Neutral,0.0,
2024-11-05 12:19:11,Neutral,0.0,
2024-11-05 12:19:11,Neutral,0.0,
2024-11-05 12:19:13,Neutral,0.0,
2024-11-05 12:19:14,Neutral,0.0,
2024-11-05 12:19:14,Neutral,0.0,
2024-11-05 12:19:14,Neutral,0.0,
2024-11-05 12:19:14,Neutral,0.0,
2024-11-05 12:19:14,Neutral,0.0,
2024-11-05 12:19:15,Neutral,0.0,
2024-11-05 12:19:15,Neutral,0.0,
2024-11-05 12:19:15,Neutral,0.0,
2024-11-05 12:19:15,Neutral,0.0,
2024-11-05 12:19:16,Neutral,0.0,
2024-11-05 12:19:16,Neutral,0.0,
2024-11-05 12:19:16,Neutral,0.0,
2024-11-05 12:19:16,Neutral,0.0,
2024-11-05 12:19:17,Neutral,0.0,
2024-11-05 12:19:17,Neutral,0.0,
2024-11-05 12:19:17,Neutral,0.0,
2024-11-05 12:19:17,Neutral,0.0,
2024-11-05 12:19:18,Neutral,0.0,
2024-11-05 12:19:18,Neutral,0.0,
2024-11-05 12:19:18,Neutral,0.0,
2024-11-05 12:19:18,Neutral,0.0,
2024-11-05 12:19:18,Neutral,0.0,
2024-11-05 12:19:19,Neutral,0.0,
2024-11-05 12:19:19,Neutral,0.0,
2024-11-05 12:19:19,Neutral,0.0,
2024-11-05 12:19:19,Neutral,0.0,
2024-11-05 12:19:20,Neutral,0.0,
2024-11-05 12:19:20,Neutral,0.0,
2024-11-05 12:19:20,Neutral,0.0,
2024-11-05 12:19:20,Neutral,0.0,
2024-11-05 12:19:21,Neutral,0.0,
2024-11-05 12:19:21,Neutral,0.0,
2024-11-05 12:19:21,Neutral,0.0,
2024-11-05 12:19:21,Neutral,0.0,
2024-11-05 12:19:21,Neutral,0.0,
2024-11-05 12:19:22,Neutral,0.0,
2024-11-05 12:19:22,Neutral,0.0,
2024-11-05 12:19:22,Neutral,0.0,
2024-11-05 12:19:22,Neutral,0.0,
2024-11-05 12:19:23,Neutral,0.0,
2024-11-05 12:19:23,Neutral,0.0,
2024-11-05 12:19:23,Neutral,0.0,
2024-11-05 12:19:23,Neutral,0.0,
2024-11-05 12:19:24,Neutral,0.0,
2024-11-05 12:19:24,Neutral,0.0,
2024-11-05 12:19:24,Neutral,0.0,
2024-11-05 12:19:24,Neutral,0.0,
2024-11-05 12:19:24,Neutral,0.0,
2024-11-05 12:19:25,Neutral,0.0,
2024-11-05 12:19:25,Neutral,0.0,
2024-11-05 12:19:25,Neutral,0.0,
2024-11-05 12:19:25,Neutral,0.0,
2024-11-05 12:19:26,Neutral,0.0,
2024-11-05 12:19:26,Neutral,0.0,
2024-11-05 12:19:26,Neutral,0.0,
2024-11-05 12:19:26,Neutral,0.0,
2024-11-05 12:19:27,Neutral,0.0,
2024-11-05 12:19:27,Neutral,0.0,
2024-11-05 12:19:27,Neutral,0.0,
2024-11-05 12:19:27,Neutral,0.0,
2024-11-05 12:19:28,Neutral,0.0,
2024-11-05 12:19:28,Neutral,0.0,
2024-11-05 12:19:28,Neutral,0.0,
2024-11-05 12:19:28,Neutral,0.0,
2024-11-05 12:19:28,Neutral,0.0,
2024-11-05 12:19:29,Neutral,0.0,
2024-11-05 12:19:29,Neutral,0.0,
2024-11-05 12:19:29,Neutral,0.0,
2024-11-05 12:19:29,Neutral,0.0,
2024-11-05 12:19:30,Neutral,0.0,
2024-11-05 12:19:30,Neutral,0.0,
2024-11-05 12:19:30,Neutral,0.0,
2024-11-05 12:19:30,Neutral,0.0,
2024-11-05 12:19:30,Neutral,0.0,
2024-11-05 12:19:31,Neutral,0.0,
2024-11-05 12:19:31,Neutral,0.0,
2024-11-05 12:19:31,Neutral,0.0,
2024-11-05 12:19:31,Neutral,0.0,
2024-11-05 12:19:31,Neutral,0.0,
2024-11-05 12:19:32,Neutral,0.0,
2024-11-05 12:19:32,Neutral,0.0,
2024-11-05 12:19:32,Neutral,0.0,
2024-11-05 12:19:32,Neutral,0.0,
2024-11-05 12:19:32,Neutral,0.0,
2024-11-05 12:19:33,Neutral,0.0,
2024-11-05 12:19:33,Neutral,0.0,
2024-11-05 12:19:33,Neutral,0.0,
2024-11-05 12:19:33,Neutral,0.0,
2024-11-05 12:19:33,Neutral,0.0,
2024-11-05 12:19:34,Neutral,0.0,
2024-11-05 12:19:34,Neutral,0.0,
2024-11-05 12:19:34,Neutral,0.0,
2024-11-05 12:19:35,Neutral,0.0,
2024-11-05 12:19:35,Neutral,0.0,
2024-11-05 12:19:35,Neutral,0.0,
2024-11-05 12:19:35,Neutral,0.0,
2024-11-05 12:19:36,Neutral,0.0,
2024-11-05 12:19:36,Neutral,0.0,
2024-11-05 12:19:36,Neutral,0.0,
2024-11-05 12:19:37,Neutral,0.0,
2024-11-05 12:19:37,Neutral,0.0,
2024-11-05 12:19:38,Neutral,0.0,
2024-11-05 12:19:38,Neutral,0.0,
2024-11-05 12:19:39,Neutral,0.0,
2024-11-05 12:19:39,Neutral,0.0,
2024-11-05 12:19:40,Neutral,0.0,
2024-11-05 12:19:40,Neutral,0.0,
2024-11-05 12:19:40,Neutral,0.0,
2024-11-05 12:19:41,Neutral,0.0,
2024-11-05 12:19:41,Neutral,0.0,
2024-11-05 12:19:41,Neutral,0.0,
2024-11-05 12:19:41,Neutral,0.0,
2024-11-05 12:19:42,Neutral,0.0,
2024-11-05 12:19:42,Neutral,0.0,
2024-11-05 12:19:42,Neutral,0.0,
2024-11-05 12:19:42,Neutral,0.0,
2024-11-05 12:19:43,Neutral,0.0,
2024-11-05 12:19:43,Neutral,0.0,
2024-11-05 12:19:43,Neutral,0.0,
2024-11-05 12:19:43,Neutral,0.0,
2024-11-05 12:19:43,Neutral,0.0,
2024-11-05 12:19:44,Neutral,0.0,
2024-11-05 12:19:44,Neutral,0.0,
2024-11-05 12:19:44,Neutral,0.0,
2024-11-05 12:19:44,Neutral,0.0,
2024-11-05 12:19:45,Neutral,0.0,
2024-11-05 12:19:45,Neutral,0.0,
2024-11-05 12:19:45,Neutral,0.0,
2024-11-05 12:19:45,Neutral,0.0,
2024-11-05 12:19:46,Neutral,0.0,
2024-11-05 12:19:46,Neutral,0.0,
2024-11-05 12:19:46,Neutral,0.0,
2024-11-05 12:19:46,Neutral,0.0,
2024-11-05 12:19:47,Neutral,0.0,
2024-11-05 12:19:47,Neutral,0.0,
2024-11-05 12:19:47,Neutral,0.0,
2024-11-05 12:19:47,Neutral,0.0,
2024-11-05 12:19:48,Neutral,0.0,
2024-11-05 12:19:48,Neutral,0.0,
2024-11-05 12:19:48,Neutral,0.0,
2024-11-05 12:19:48,Neutral,0.0,
2024-11-05 12:19:49,Neutral,0.0,
2024-11-05 12:19:49,Neutral,0.0,
2024-11-05 12:19:49,Neutral,0.0,
2024-11-05 12:19:49,Neutral,0.0,
2024-11-05 12:19:50,Neutral,0.0,
2024-11-05 12:19:50,Neutral,0.0,
2024-11-05 12:19:50,Neutral,0.0,
2024-11-05 12:19:50,Neutral,0.0,
2024-11-05 12:19:51,Neutral,0.0,
2024-11-05 12:19:51,Neutral,0.0,
2024-11-05 12:19:51,Neutral,0.0,
2024-11-05 12:19:51,Neutral,0.0,
2024-11-05 12:19:52,Neutral,0.0,
2024-11-05 12:19:52,Neutral,0.0,
2024-11-05 12:19:52,Neutral,0.0,
2024-11-05 12:19:52,Neutral,0.0,
2024-11-05 12:19:53,Neutral,0.0,
2024-11-05 12:19:53,Neutral,0.0,
2024-11-05 12:19:53,Neutral,0.0,
2024-11-05 12:19:54,Neutral,0.0,
2024-11-05 12:19:54,Neutral,0.0,
2024-11-05 12:19:54,Neutral,0.0,
2024-11-05 12:19:54,Neutral,0.0,
2024-11-05 12:19:54,Neutral,0.0,
2024-11-05 12:19:55,Neutral,0.0,
2024-11-05 12:19:55,Neutral,0.0,
2024-11-05 12:19:55,Neutral,0.0,
2024-11-05 12:19:55,Neutral,0.0,
2024-11-05 12:19:56,Neutral,0.0,
2024-11-05 12:19:56,Neutral,0.0,
2024-11-05 12:19:56,Neutral,0.0,
2024-11-05 12:19:56,Neutral,0.0,
2024-11-05 12:19:57,Neutral,0.0,
2024-11-05 12:19:57,Neutral,0.0,
2024-11-05 12:19:57,Neutral,0.0,
2024-11-05 12:19:57,Neutral,0.0,
2024-11-05 12:19:57,Neutral,0.0,
2024-11-05 12:19:58,Neutral,0.0,
2024-11-05 12:19:58,Neutral,0.0,
2024-11-05 12:19:58,Neutral,0.0,
2024-11-05 12:19:58,Neutral,0.0,
2024-11-05 12:19:59,Neutral,0.0,
2024-11-05 12:19:59,Neutral,0.0,
2024-11-05 12:19:59,Neutral,0.0,
2024-11-05 12:19:59,Neutral,0.0,
2024-11-05 12:20:00,Neutral,0.0,
2024-11-05 12:20:00,Neutral,0.0,
2024-11-05 12:20:00,Neutral,0.0,
2024-11-05 12:20:00,Neutral,0.0,
2024-11-05 12:20:01,Neutral,0.0,
2024-11-05 12:20:01,Neutral,0.0,
2024-11-05 12:20:01,Neutral,0.0,
2024-11-05 12:20:01,Neutral,0.0,
2024-11-05 12:20:02,Neutral,0.0,
2024-11-05 12:20:02,Neutral,0.0,
2024-11-05 12:20:02,Neutral,0.0,
2024-11-05 12:20:02,Neutral,0.0,
2024-11-05 12:20:03,Neutral,0.0,
2024-11-05 12:20:03,Neutral,0.0,
2024-11-05 12:20:03,Neutral,0.0,
2024-11-05 12:20:03,Neutral,0.0,
2024-11-05 12:20:04,Neutral,0.0,
2024-11-05 12:20:04,Neutral,0.0,
2024-11-05 12:20:04,Neutral,0.0,
2024-11-05 12:20:04,Neutral,0.0,
2024-11-05 12:20:04,Neutral,0.0,
2024-11-05 12:20:05,Neutral,0.0,
2024-11-05 12:20:05,Neutral,0.0,
2024-11-05 12:20:05,Neutral,0.0,
2024-11-05 12:20:05,Neutral,0.0,
2024-11-05 12:20:05,Neutral,0.0,
2024-11-05 12:20:06,Neutral,0.0,
2024-11-05 12:20:06,Neutral,0.0,
2024-11-05 12:20:06,Neutral,0.0,
2024-11-05 12:20:06,Neutral,0.0,
2024-11-05 12:20:07,Neutral,0.0,
2024-11-05 12:20:07,Neutral,0.0,
2024-11-05 12:20:07,Neutral,0.0,
2024-11-05 12:20:08,Neutral,0.0,
2024-11-05 12:20:08,Neutral,0.0,
2024-11-05 12:20:08,Neutral,0.0,
2024-11-05 12:20:08,Neutral,0.0,
2024-11-05 12:20:09,Neutral,0.0,
2024-11-05 12:20:09,Neutral,0.0,
2024-11-05 12:20:09,Neutral,0.0,
2024-11-05 12:20:09,Neutral,0.0,
2024-11-05 12:20:10,Neutral,0.0,
2024-11-05 12:20:10,Neutral,0.0,
2024-11-05 12:20:10,Neutral,0.0,
2024-11-05 12:20:11,Neutral,0.0,
2024-11-05 12:20:11,Neutral,0.0,
2024-11-05 12:20:11,Neutral,0.0,
2024-11-05 12:20:12,Neutral,0.0,
2024-11-05 12:20:12,Neutral,0.0,
2024-11-05 12:20:12,Neutral,0.0,
2024-11-05 12:20:12,Neutral,0.0,
2024-11-05 12:20:13,Neutral,0.0,
2024-11-05 12:20:13,Neutral,0.0,
2024-11-05 12:20:13,Neutral,0.0,
2024-11-05 12:20:13,Neutral,0.0,
2024-11-05 12:20:14,Neutral,0.0,
2024-11-05 12:20:14,Neutral,0.0,
2024-11-05 12:20:14,Neutral,0.0,
2024-11-05 12:20:15,Neutral,0.0,
2024-11-05 12:20:15,Neutral,0.0,
2024-11-05 12:20:15,Neutral,0.0,
2024-11-05 12:20:16,Neutral,0.0,
2024-11-05 12:20:16,Neutral,0.0,
2024-11-05 12:20:17,Neutral,0.0,
2024-11-05 12:20:17,Neutral,0.0,
2024-11-05 12:20:17,Neutral,0.0,
2024-11-05 12:20:18,Neutral,0.0,
2024-11-05 12:20:18,Neutral,0.0,
2024-11-05 12:20:18,Neutral,0.0,
2024-11-05 12:20:18,Neutral,0.0,
2024-11-05 12:20:19,Neutral,0.0,
2024-11-05 12:20:19,Neutral,0.0,
2024-11-05 12:20:19,Neutral,0.0,
2024-11-05 12:20:20,Neutral,0.0,
2024-11-05 12:20:20,Neutral,0.0,
2024-11-05 12:20:20,Neutral,0.0,
2024-11-05 12:20:20,Neutral,0.0,
2024-11-05 12:20:21,Neutral,0.0,
2024-11-05 12:20:21,Neutral,0.0,
2024-11-05 12:20:21,Neutral,0.0,
2024-11-05 12:20:21,Neutral,0.0,
2024-11-05 12:20:22,Neutral,0.0,
2024-11-05 12:20:22,Neutral,0.0,
2024-11-05 12:20:22,Neutral,0.0,
2024-11-05 12:20:23,Neutral,0.0,
2024-11-05 12:20:23,Neutral,0.0,
2024-11-05 12:20:23,Neutral,0.0,
2024-11-05 12:20:23,Neutral,0.0,
2024-11-05 12:20:23,Neutral,0.0,
2024-11-05 12:20:24,Neutral,0.0,
2024-11-05 12:20:24,Neutral,0.0,
2024-11-05 12:20:24,Neutral,0.0,
2024-11-05 12:20:24,Neutral,0.0,
2024-11-05 12:20:25,Neutral,0.0,
2024-11-05 12:20:25,Neutral,0.0,
2024-11-05 12:20:25,Neutral,0.0,
2024-11-05 12:20:25,Neutral,0.0,
2024-11-05 12:20:26,Neutral,0.0,
2024-11-05 12:20:26,Neutral,0.0,
2024-11-05 12:20:26,Neutral,0.0,
2024-11-05 12:20:26,Neutral,0.0,
2024-11-05 12:20:27,Neutral,0.0,
2024-11-05 12:20:27,Neutral,0.0,
2024-11-05 12:20:28,Neutral,0.0,
2024-11-05 12:20:28,Neutral,0.0,
2024-11-05 12:20:28,Neutral,0.0,
2024-11-05 12:20:28,Neutral,0.0,
2024-11-05 12:20:29,Neutral,0.0,
2024-11-05 12:20:29,Neutral,0.0,
2024-11-05 12:20:29,Neutral,0.0,
2024-11-05 12:20:29,Neutral,0.0,
2024-11-05 12:20:30,Neutral,0.0,
2024-11-05 12:20:30,Neutral,0.0,
2024-11-05 12:20:30,Neutral,0.0,
2024-11-05 12:20:30,Neutral,0.0,
2024-11-05 12:20:31,Neutral,0.0,
2024-11-05 12:20:31,Neutral,0.0,
2024-11-05 12:20:31,Neutral,0.0,
2024-11-05 12:20:31,Neutral,0.0,
2024-11-05 12:20:32,Neutral,0.0,
2024-11-05 12:20:32,Neutral,0.0,
2024-11-05 12:20:32,Neutral,0.0,
2024-11-05 12:20:32,Neutral,0.0,
2024-11-05 12:20:33,Neutral,0.0,
2024-11-05 12:20:33,Neutral,0.0,
2024-11-05 12:20:33,Neutral,0.0,
2024-11-05 12:20:33,Neutral,0.0,
2024-11-05 12:20:34,Neutral,0.0,
2024-11-05 12:20:34,Neutral,0.0,
2024-11-05 12:20:34,Neutral,0.0,
2024-11-05 12:20:35,Neutral,0.0,
2024-11-05 12:20:35,Neutral,0.0,
2024-11-05 12:20:35,Neutral,0.0,
2024-11-05 12:20:35,Neutral,0.0,
2024-11-05 12:20:36,Neutral,0.0,
2024-11-05 12:20:36,Neutral,0.0,
2024-11-05 12:20:36,Neutral,0.0,
2024-11-05 12:20:36,Neutral,0.0,
2024-11-05 12:20:37,Neutral,0.0,
2024-11-05 12:20:37,Neutral,0.0,
2024-11-05 12:20:37,Neutral,0.0,
2024-11-05 12:20:37,Neutral,0.0,
2024-11-05 12:20:37,Neutral,0.0,
2024-11-05 12:20:38,Neutral,0.0,
2024-11-05 12:20:38,Neutral,0.0,
2024-11-05 12:20:38,Neutral,0.0,
2024-11-05 12:20:38,Neutral,0.0,
2024-11-05 12:20:39,Neutral,0.0,
2024-11-05 12:20:39,Neutral,0.0,
2024-11-05 12:20:39,Neutral,0.0,
2024-11-05 12:20:39,Neutral,0.0,
2024-11-05 12:20:39,Neutral,0.0,
2024-11-05 12:20:40,Neutral,0.0,
2024-11-05 12:20:40,Neutral,0.0,
2024-11-05 12:20:40,Neutral,0.0,
2024-11-05 12:20:40,Neutral,0.0,
2024-11-05 12:20:41,Neutral,0.0,
2024-11-05 12:20:41,Neutral,0.0,
2024-11-05 12:20:41,Neutral,0.0,
2024-11-05 12:20:41,Neutral,0.0,
2024-11-05 12:20:41,Neutral,0.0,
2024-11-05 12:20:42,Neutral,0.0,
2024-11-05 12:20:42,Neutral,0.0,
2024-11-05 12:20:42,Neutral,0.0,
2024-11-05 12:20:42,Neutral,0.0,
2024-11-05 12:20:43,Neutral,0.0,
2024-11-05 12:20:43,Neutral,0.0,
2024-11-05 12:20:43,Neutral,0.0,
2024-11-05 12:20:44,Neutral,0.0,
2024-11-05 12:20:44,Neutral,0.0,
2024-11-05 12:20:45,Neutral,0.0,
2024-11-05 12:20:45,Neutral,0.0,
2024-11-05 12:20:45,Neutral,0.0,
2024-11-05 12:20:46,Neutral,0.0,
2024-11-05 12:20:46,Neutral,0.0,
2024-11-05 12:20:46,Neutral,0.0,
2024-11-05 12:20:47,Neutral,0.0,
2024-11-05 12:20:47,Neutral,0.0,
2024-11-05 12:20:47,Neutral,0.0,
2024-11-05 12:20:48,Neutral,0.0,
2024-11-05 12:20:48,Neutral,0.0,
2024-11-05 12:20:48,Neutral,0.0,
2024-11-05 12:20:48,Neutral,0.0,
2024-11-05 12:20:49,Neutral,0.0,
2024-11-05 12:20:49,Neutral,0.0,
2024-11-05 12:20:49,Neutral,0.0,
2024-11-05 12:20:50,Neutral,0.0,
2024-11-05 12:20:50,Neutral,0.0,
2024-11-05 12:20:50,Neutral,0.0,
2024-11-05 12:20:51,Neutral,0.0,
2024-11-05 12:20:51,Neutral,0.0,
2024-11-05 12:20:51,Neutral,0.0,
2024-11-05 12:20:51,Neutral,0.0,
2024-11-05 12:20:52,Neutral,0.0,
2024-11-05 12:20:52,Neutral,0.0,
2024-11-05 12:20:52,Neutral,0.0,
2024-11-05 12:20:52,Neutral,0.0,
2024-11-05 12:20:53,Neutral,0.0,
2024-11-05 12:20:53,Neutral,0.0,
2024-11-05 12:20:53,Neutral,0.0,
2024-11-05 12:20:53,Neutral,0.0,
2024-11-05 12:20:54,Neutral,0.0,
2024-11-05 12:20:54,Neutral,0.0,
2024-11-05 12:20:54,Neutral,0.0,
2024-11-05 12:20:55,Neutral,0.0,
2024-11-05 12:20:55,Neutral,0.0,
2024-11-05 12:20:55,Neutral,0.0,
2024-11-05 12:20:55,Neutral,0.0,
2024-11-05 12:20:56,Neutral,0.0,
2024-11-05 12:20:56,Neutral,0.0,
2024-11-05 12:20:56,Neutral,0.0,
2024-11-05 12:20:56,Neutral,0.0,
2024-11-05 12:20:56,Neutral,0.0,
2024-11-05 12:20:57,Neutral,0.0,
2024-11-05 12:20:57,Neutral,0.0,
2024-11-05 12:20:57,Neutral,0.0,
2024-11-05 12:20:58,Neutral,0.0,
2024-11-05 12:20:58,Neutral,0.0,
2024-11-05 12:20:58,Neutral,0.0,
2024-11-05 12:20:58,Neutral,0.0,
2024-11-05 12:20:59,Neutral,0.0,
2024-11-05 12:21:00,Neutral,0.0,
2024-11-05 12:21:00,Neutral,0.0,
2024-11-05 12:21:00,Neutral,0.0,
2024-11-05 12:21:00,Neutral,0.0,
2024-11-05 12:21:01,Neutral,0.0,
2024-11-05 12:21:01,Neutral,0.0,
2024-11-05 12:21:01,Neutral,0.0,
2024-11-05 12:21:02,Neutral,0.0,
2024-11-05 12:21:02,Neutral,0.0,
2024-11-05 12:21:02,Neutral,0.0,
2024-11-05 12:21:02,Neutral,0.0,
2024-11-05 12:21:03,Neutral,0.0,
2024-11-05 12:22:17,Neutral,,"{'Angry': 0, 'Disgust': 0, 'Fear': 0, 'Happy': 0, 'Sad': 0, 'Surprise': 0, 'Neutral': 0}"
2024-11-05 12:29:38,Neutral,,"{'Angry': 0, 'Disgust': 0, 'Fear': 0, 'Happy': 0, 'Sad': 0, 'Surprise': 0, 'Neutral': 0}"
